account_id,customer_id,account_type,opening_date,status
A0000001,,DEPOSIT,2020-01-22,ACTIVE
A0000002,,DEPOSIT,2020-11-27,ACTIVE
A0000003,,DEPOSIT,2025-04-03,ACTIVE
A0000004,,CURRENT,2023-06-30,ACTIVE
A0000005,C000450,CURRENT,2021-05-25,ACTIVE
A0000006,C000508,DEPOSIT,2022-04-04,CLOSED
A0000007,C000113,DEPOSIT,2026-04-10,ACTIVE
A0000008,C000985,SAVINGS,2021-04-12,ACTIVE
A0000009,C000593,DEPOSIT,2023-10-11,ACTIVE
A0000010,C000926,CURRENT,2023-11-26,ACTIVE
A0000011,C000816,DEPOSIT,2021-07-27,CLOSED
A0000012,C000710,CURRENT,2021-09-17,ACTIVE
A0000013,C000506,DEPOSIT,2025-01-16,ACTIVE
A0000014,C000555,DEPOSIT,2025-09-05,ACTIVE
A0000015,C000702,CURRENT,2024-04-10,CLOSED
A0000016,C000202,SAVINGS,2024-08-11,ACTIVE
A0000017,C000971,DEPOSIT,2022-09-15,ACTIVE
A0000018,C000781,CURRENT,2024-06-14,ACTIVE
A0000019,C000302,SAVINGS,2023-05-28,ACTIVE
A0000020,C000634,CURRENT,2021-10-12,ACTIVE
A0000021,C000431,DEPOSIT,2022-11-20,ACTIVE
A0000022,C000955,SAVINGS,2021-12-12,ACTIVE
A0000023,C000529,DEPOSIT,2025-07-01,CLOSED
A0000024,C000005,DEPOSIT,2025-06-01,ACTIVE
A0000025,C000833,SAVINGS,2025-05-01,ACTIVE
A0000026,C000330,DEPOSIT,2023-05-29,ACTIVE
A0000027,C000078,SAVINGS,2025-08-30,ACTIVE
A0000028,C000444,CURRENT,2022-03-31,CLOSED
A0000029,C000553,DEPOSIT,2023-01-03,ACTIVE
A0000030,C000751,CURRENT,2020-10-28,ACTIVE
A0000031,C000899,SAVINGS,2023-05-08,ACTIVE
A0000032,C000289,CURRENT,2020-09-05,ACTIVE
A0000033,C000141,CURRENT,2023-06-12,ACTIVE
A0000034,C000353,CURRENT,2023-01-09,ACTIVE
A0000035,C000097,CURRENT,2023-10-03,ACTIVE
A0000036,C000234,SAVINGS,2026-04-04,CLOSED
A0000037,C000610,DEPOSIT,2026-01-29,ACTIVE
A0000038,C000917,SAVINGS,2024-01-11,CLOSED
A0000039,C000079,SAVINGS,2025-05-15,ACTIVE
A0000040,C000616,DEPOSIT,2024-07-11,CLOSED
A0000041,C000438,CURRENT,2024-01-26,ACTIVE
A0000042,C000677,DEPOSIT,2022-01-12,ACTIVE
A0000043,C000606,SAVINGS,2021-05-29,ACTIVE
A0000044,C000301,DEPOSIT,2020-05-18,ACTIVE
A0000045,C000672,CURRENT,2021-11-21,ACTIVE
A0000046,C000126,CURRENT,2022-01-14,ACTIVE
A0000047,C000201,SAVINGS,2023-05-14,ACTIVE
A0000048,C000629,SAVINGS,2022-10-10,ACTIVE
A0000049,C000786,CURRENT,2024-05-09,ACTIVE
A0000050,C000422,CURRENT,2025-07-17,ACTIVE
A0000051,C000149,SAVINGS,2024-01-24,ACTIVE
A0000052,C000141,SAVINGS,2021-03-11,ACTIVE
A0000053,C000041,CURRENT,2024-01-24,ACTIVE
A0000054,C000578,DEPOSIT,2026-06-22,CLOSED
A0000055,C000536,DEPOSIT,2026-04-10,ACTIVE
A0000056,C000885,SAVINGS,2024-02-23,ACTIVE
A0000057,C000354,DEPOSIT,2024-12-04,ACTIVE
A0000058,C000705,CURRENT,2022-03-18,ACTIVE
A0000059,C000884,CURRENT,2024-02-17,ACTIVE
A0000060,C000344,CURRENT,2022-08-20,ACTIVE
A0000061,C000214,CURRENT,2023-09-12,ACTIVE
A0000062,C000988,CURRENT,2021-05-03,ACTIVE
A0000063,C000382,DEPOSIT,2023-11-22,ACTIVE
A0000064,C000202,SAVINGS,2023-10-05,ACTIVE
A0000065,C000965,CURRENT,2024-08-22,ACTIVE
A0000066,C000786,CURRENT,2023-09-08,ACTIVE
A0000067,C000228,DEPOSIT,2023-06-17,ACTIVE
A0000068,C000449,SAVINGS,2023-12-22,ACTIVE
A0000069,C000288,SAVINGS,2022-11-05,ACTIVE
A0000070,C000545,DEPOSIT,2026-01-01,ACTIVE
A0000071,C000537,SAVINGS,2020-12-13,ACTIVE
A0000072,C000056,CURRENT,2024-04-21,ACTIVE
A0000073,C000124,DEPOSIT,2024-04-30,ACTIVE
A0000074,C000779,SAVINGS,2025-09-15,ACTIVE
A0000075,C000101,CURRENT,2023-06-10,ACTIVE
A0000076,C000143,DEPOSIT,2026-06-30,ACTIVE
A0000077,C000502,SAVINGS,2023-12-10,ACTIVE
A0000078,C000499,SAVINGS,2024-03-26,ACTIVE
A0000079,C000510,CURRENT,2024-01-25,CLOSED
A0000080,C000191,SAVINGS,2026-01-02,ACTIVE
A0000081,C000057,SAVINGS,2020-06-26,ACTIVE
A0000082,C000646,CURRENT,2020-04-08,ACTIVE
A0000083,C000966,DEPOSIT,2020-11-29,CLOSED
A0000084,C000291,SAVINGS,2023-11-27,ACTIVE
A0000085,C000363,DEPOSIT,2022-09-19,ACTIVE
A0000086,C000767,DEPOSIT,2025-08-18,ACTIVE
A0000087,C000260,SAVINGS,2020-05-16,ACTIVE
A0000088,C000490,SAVINGS,2022-05-26,ACTIVE
A0000089,C000760,SAVINGS,2023-06-17,ACTIVE
A0000090,C000787,CURRENT,2023-10-07,ACTIVE
A0000091,C000233,SAVINGS,2026-05-28,ACTIVE
A0000092,C000513,DEPOSIT,2024-05-20,ACTIVE
A0000093,C000183,DEPOSIT,2025-12-22,ACTIVE
A0000094,C000114,DEPOSIT,2026-02-16,ACTIVE
A0000095,C000194,CURRENT,2020-11-14,ACTIVE
A0000096,C000153,SAVINGS,2022-10-23,ACTIVE
A0000097,C000439,SAVINGS,2023-07-16,ACTIVE
A0000098,C000384,DEPOSIT,2021-11-06,ACTIVE
A0000099,C000912,CURRENT,2023-12-04,CLOSED
A0000100,C000946,CURRENT,2023-08-12,CLOSED
A0000101,C000961,SAVINGS,2022-06-14,ACTIVE
A0000102,C000833,DEPOSIT,2024-01-22,ACTIVE
A0000103,C000961,CURRENT,2022-04-29,ACTIVE
A0000104,C000790,DEPOSIT,2023-07-21,ACTIVE
A0000105,C000056,DEPOSIT,2020-10-22,ACTIVE
A0000106,C000205,SAVINGS,2023-09-04,ACTIVE
A0000107,C000251,CURRENT,2024-12-03,ACTIVE
A0000108,C000733,CURRENT,2022-07-07,ACTIVE
A0000109,C000999,CURRENT,2025-05-28,ACTIVE
A0000110,C000218,CURRENT,2024-02-19,ACTIVE
A0000111,C000827,DEPOSIT,2020-11-27,ACTIVE
A0000112,C000594,CURRENT,2024-07-31,ACTIVE
A0000113,C000470,SAVINGS,2025-01-16,ACTIVE
A0000114,C000895,SAVINGS,2020-12-17,CLOSED
A0000115,C000801,CURRENT,2021-01-25,ACTIVE
A0000116,C000409,DEPOSIT,2021-06-01,ACTIVE
A0000117,C000530,SAVINGS,2022-08-31,CLOSED
A0000118,C000822,DEPOSIT,2020-08-28,ACTIVE
A0000119,C000799,CURRENT,2021-12-31,ACTIVE
A0000120,C000933,DEPOSIT,2026-02-08,ACTIVE
A0000121,C000823,DEPOSIT,2022-01-25,ACTIVE
A0000122,C000547,DEPOSIT,2022-02-22,ACTIVE
A0000123,C000135,CURRENT,2021-02-17,ACTIVE
A0000124,C000400,DEPOSIT,2025-03-27,ACTIVE
A0000125,C000080,SAVINGS,2023-05-28,ACTIVE
A0000126,C000058,CURRENT,2020-03-28,ACTIVE
A0000127,C000089,CURRENT,2022-07-15,ACTIVE
A0000128,C000195,SAVINGS,2025-06-21,ACTIVE
A0000129,C000175,CURRENT,2023-09-26,ACTIVE
A0000130,C000218,SAVINGS,2021-09-19,ACTIVE
A0000131,C000003,SAVINGS,2023-08-31,CLOSED
A0000132,C000105,CURRENT,2021-01-09,ACTIVE
A0000133,C000288,SAVINGS,2020-11-13,ACTIVE
A0000134,C000260,SAVINGS,2025-07-06,ACTIVE
A0000135,C000068,SAVINGS,2020-02-24,ACTIVE
A0000136,C000737,DEPOSIT,2026-01-11,ACTIVE
A0000137,C000150,SAVINGS,2023-11-26,ACTIVE
A0000138,C000107,DEPOSIT,2022-12-30,ACTIVE
A0000139,C000128,CURRENT,2023-06-29,ACTIVE
A0000140,C000134,SAVINGS,2025-01-22,ACTIVE
A0000141,C000166,CURRENT,2025-08-03,ACTIVE
A0000142,C000976,DEPOSIT,2021-07-08,ACTIVE
A0000143,C000392,SAVINGS,2023-01-22,ACTIVE
A0000144,C000659,SAVINGS,2026-01-07,ACTIVE
A0000145,C000162,SAVINGS,2022-10-26,ACTIVE
A0000146,C000764,CURRENT,2021-04-12,CLOSED
A0000147,C000216,CURRENT,2022-06-03,ACTIVE
A0000148,C000754,CURRENT,2026-03-26,ACTIVE
A0000149,C000530,CURRENT,2025-01-28,ACTIVE
A0000150,C000492,SAVINGS,2020-05-19,ACTIVE
A0000151,C000571,SAVINGS,2020-05-03,ACTIVE
A0000152,C000131,SAVINGS,2020-06-12,ACTIVE
A0000153,C000687,DEPOSIT,2021-06-06,ACTIVE
A0000154,C000089,CURRENT,2021-05-19,ACTIVE
A0000155,C000755,SAVINGS,2021-09-24,CLOSED
A0000156,C000450,DEPOSIT,2026-01-30,CLOSED
A0000157,C000557,DEPOSIT,2020-09-01,ACTIVE
A0000158,C000680,SAVINGS,2020-03-24,ACTIVE
A0000159,C000761,CURRENT,2024-07-20,CLOSED
A0000160,C000238,DEPOSIT,2026-05-02,ACTIVE
A0000161,C000677,SAVINGS,2026-04-03,ACTIVE
A0000162,C000927,DEPOSIT,2025-01-18,ACTIVE
A0000163,C000720,DEPOSIT,2021-08-20,ACTIVE
A0000164,C000129,SAVINGS,2022-05-26,ACTIVE
A0000165,C000042,CURRENT,2025-03-20,ACTIVE
A0000166,C000092,SAVINGS,2021-04-28,ACTIVE
A0000167,C000478,SAVINGS,2026-05-02,ACTIVE
A0000168,C000027,DEPOSIT,2026-02-16,ACTIVE
A0000169,C000747,DEPOSIT,2023-04-02,ACTIVE
A0000170,C000216,SAVINGS,2023-08-05,ACTIVE
A0000171,C000525,SAVINGS,2023-02-14,ACTIVE
A0000172,C000090,DEPOSIT,2020-11-16,ACTIVE
A0000173,C000175,SAVINGS,2020-01-26,ACTIVE
A0000174,C000161,CURRENT,2020-07-01,ACTIVE
A0000175,C000513,DEPOSIT,2024-10-07,ACTIVE
A0000176,C000890,SAVINGS,2020-05-04,ACTIVE
A0000177,C000281,DEPOSIT,2022-05-30,ACTIVE
A0000178,C000133,SAVINGS,2024-07-18,ACTIVE
A0000179,C000467,CURRENT,2025-11-19,ACTIVE
A0000180,C000187,CURRENT,2020-04-07,ACTIVE
A0000181,C000400,SAVINGS,2026-02-28,ACTIVE
A0000182,C000750,SAVINGS,2026-04-10,ACTIVE
A0000183,C000270,CURRENT,2024-10-06,ACTIVE
A0000184,C000364,DEPOSIT,2025-10-26,ACTIVE
A0000185,C000378,SAVINGS,2025-08-31,ACTIVE
A0000186,C000175,SAVINGS,2021-06-16,ACTIVE
A0000187,C000275,DEPOSIT,2022-04-11,ACTIVE
A0000188,C000717,DEPOSIT,2026-04-26,ACTIVE
A0000189,C000725,CURRENT,2020-12-03,ACTIVE
A0000190,C000232,DEPOSIT,2020-12-01,ACTIVE
A0000191,C000047,SAVINGS,2023-03-06,ACTIVE
A0000192,C000495,SAVINGS,2025-06-05,ACTIVE
A0000193,C000248,SAVINGS,2022-05-22,CLOSED
A0000194,C000933,CURRENT,2021-11-28,ACTIVE
A0000195,C000569,CURRENT,2025-12-11,CLOSED
A0000196,C000238,CURRENT,2025-02-24,ACTIVE
A0000197,C000483,DEPOSIT,2025-10-03,ACTIVE
A0000198,C000346,CURRENT,2020-04-21,ACTIVE
A0000199,C000371,SAVINGS,2025-04-02,ACTIVE
A0000200,C000828,DEPOSIT,2023-01-23,ACTIVE
A0000201,C000036,CURRENT,2024-06-24,ACTIVE
A0000202,C000135,CURRENT,2026-04-20,ACTIVE
A0000203,C000378,CURRENT,2025-06-30,ACTIVE
A0000204,C000179,CURRENT,2020-02-02,ACTIVE
A0000205,C000426,SAVINGS,2023-10-28,ACTIVE
A0000206,C000931,CURRENT,2023-10-23,ACTIVE
A0000207,C000878,SAVINGS,2020-08-02,ACTIVE
A0000208,C000293,CURRENT,2022-01-07,ACTIVE
A0000209,C000005,SAVINGS,2024-06-30,ACTIVE
A0000210,C000123,DEPOSIT,2021-10-03,CLOSED
A0000211,C000154,DEPOSIT,2021-02-02,ACTIVE
A0000212,C000209,DEPOSIT,2022-07-06,ACTIVE
A0000213,C000478,CURRENT,2024-09-14,ACTIVE
A0000214,C000617,DEPOSIT,2021-01-19,CLOSED
A0000215,C000341,SAVINGS,2023-08-07,ACTIVE
A0000216,C000804,DEPOSIT,2022-10-25,CLOSED
A0000217,C000825,SAVINGS,2024-04-30,ACTIVE
A0000218,C000403,SAVINGS,2025-09-19,ACTIVE
A0000219,C000977,DEPOSIT,2023-06-26,CLOSED
A0000220,C000143,CURRENT,2025-10-11,ACTIVE
A0000221,C000457,SAVINGS,2024-01-06,ACTIVE
A0000222,C000514,DEPOSIT,2025-04-09,CLOSED
A0000223,C000929,CURRENT,2020-11-14,ACTIVE
A0000224,C000290,DEPOSIT,2023-04-07,CLOSED
A0000225,C000531,SAVINGS,2021-02-27,ACTIVE
A0000226,C000510,CURRENT,2026-04-11,ACTIVE
A0000227,C000204,CURRENT,2021-06-08,ACTIVE
A0000228,C000852,DEPOSIT,2022-11-19,ACTIVE
A0000229,C000626,CURRENT,2023-02-16,ACTIVE
A0000230,C000234,DEPOSIT,2022-06-04,ACTIVE
A0000231,C000142,CURRENT,2022-07-20,ACTIVE
A0000232,C000105,DEPOSIT,2021-11-24,ACTIVE
A0000233,C000076,CURRENT,2022-12-25,ACTIVE
A0000234,C000798,CURRENT,2022-09-12,ACTIVE
A0000235,C000817,DEPOSIT,2025-07-12,ACTIVE
A0000236,C000798,SAVINGS,2026-05-15,ACTIVE
A0000237,C000944,SAVINGS,2025-07-06,CLOSED
A0000238,C000175,DEPOSIT,2024-07-01,ACTIVE
A0000239,C000993,DEPOSIT,2023-02-11,CLOSED
A0000240,C000792,CURRENT,2022-12-12,ACTIVE
A0000241,C000311,CURRENT,2020-10-12,ACTIVE
A0000242,C000168,CURRENT,2024-06-14,CLOSED
A0000243,C000357,DEPOSIT,2025-11-13,ACTIVE
A0000244,C000773,SAVINGS,2021-07-01,ACTIVE
A0000245,C000927,SAVINGS,2020-06-06,ACTIVE
A0000246,C000994,SAVINGS,2025-09-02,CLOSED
A0000247,C000489,SAVINGS,2021-06-12,ACTIVE
A0000248,C000103,SAVINGS,2020-09-12,CLOSED
A0000249,C000773,DEPOSIT,2026-05-13,ACTIVE
A0000250,C000541,CURRENT,2022-01-16,ACTIVE
A0000251,C000943,DEPOSIT,2023-03-25,ACTIVE
A0000252,C000492,CURRENT,2024-10-10,ACTIVE
A0000253,C000548,SAVINGS,2022-09-09,ACTIVE
A0000254,C000343,SAVINGS,2024-01-18,CLOSED
A0000255,C000576,DEPOSIT,2024-02-16,ACTIVE
A0000256,C000400,SAVINGS,2025-06-04,ACTIVE
A0000257,C000805,SAVINGS,2021-09-14,ACTIVE
A0000258,C000516,SAVINGS,2025-02-25,ACTIVE
A0000259,C000034,DEPOSIT,2025-10-27,ACTIVE
A0000260,C000672,CURRENT,2026-04-17,ACTIVE
A0000261,C000373,DEPOSIT,2026-02-14,ACTIVE
A0000262,C000017,SAVINGS,2020-07-28,ACTIVE
A0000263,C000756,CURRENT,2021-06-21,ACTIVE
A0000264,C000543,DEPOSIT,2022-04-25,ACTIVE
A0000265,C000741,CURRENT,2024-03-16,CLOSED
A0000266,C000004,SAVINGS,2026-02-15,ACTIVE
A0000267,C000808,SAVINGS,2025-09-11,ACTIVE
A0000268,C000076,CURRENT,2024-03-11,ACTIVE
A0000269,C000092,SAVINGS,2022-03-08,ACTIVE
A0000270,C000820,CURRENT,2021-07-08,ACTIVE
A0000271,C000900,CURRENT,2022-02-14,CLOSED
A0000272,C000519,SAVINGS,2022-11-29,CLOSED
A0000273,C000954,CURRENT,2023-02-22,ACTIVE
A0000274,C000303,SAVINGS,2021-05-13,ACTIVE
A0000275,C000341,DEPOSIT,2024-01-19,ACTIVE
A0000276,C000936,CURRENT,2024-11-21,CLOSED
A0000277,C000698,CURRENT,2025-03-25,ACTIVE
A0000278,C000564,CURRENT,2026-03-04,ACTIVE
A0000279,C000133,SAVINGS,2023-01-24,ACTIVE
A0000280,C000403,CURRENT,2022-06-13,ACTIVE
A0000281,C000728,CURRENT,2025-10-21,CLOSED
A0000282,C000868,SAVINGS,2023-07-16,ACTIVE
A0000283,C000945,SAVINGS,2020-09-13,ACTIVE
A0000284,C000559,DEPOSIT,2020-01-07,ACTIVE
A0000285,C000831,CURRENT,2021-08-01,ACTIVE
A0000286,C000622,SAVINGS,2026-03-07,ACTIVE
A0000287,C000338,SAVINGS,2026-06-20,ACTIVE
A0000288,C000982,SAVINGS,2020-10-28,ACTIVE
A0000289,C000676,DEPOSIT,2024-05-30,ACTIVE
A0000290,C000579,DEPOSIT,2024-04-28,ACTIVE
A0000291,C000933,DEPOSIT,2025-10-12,ACTIVE
A0000292,C000578,DEPOSIT,2025-12-26,ACTIVE
A0000293,C000372,CURRENT,2023-11-20,CLOSED
A0000294,C000531,DEPOSIT,2024-08-08,ACTIVE
A0000295,C000436,SAVINGS,2025-07-26,ACTIVE
A0000296,C000933,CURRENT,2026-03-14,CLOSED
A0000297,C000346,CURRENT,2022-05-18,ACTIVE
A0000298,C000064,SAVINGS,2025-10-11,ACTIVE
A0000299,C000906,CURRENT,2022-10-15,ACTIVE
A0000300,C000646,SAVINGS,2022-10-30,ACTIVE
A0000301,C000829,SAVINGS,2024-08-24,ACTIVE
A0000302,C000501,SAVINGS,2023-04-12,ACTIVE
A0000303,C000385,DEPOSIT,2021-06-11,ACTIVE
A0000304,C000903,CURRENT,2024-07-28,ACTIVE
A0000305,C000335,CURRENT,2022-05-23,CLOSED
A0000306,C000246,SAVINGS,2024-04-27,CLOSED
A0000307,C000274,SAVINGS,2022-04-22,ACTIVE
A0000308,C000140,DEPOSIT,2023-08-29,ACTIVE
A0000309,C000676,DEPOSIT,2024-06-16,ACTIVE
A0000310,C000467,SAVINGS,2021-09-08,ACTIVE
A0000311,C000536,CURRENT,2022-10-10,ACTIVE
A0000312,C000890,CURRENT,2021-07-19,CLOSED
A0000313,C000557,CURRENT,2021-05-12,ACTIVE
A0000314,C000098,DEPOSIT,2020-02-05,ACTIVE
A0000315,C000281,DEPOSIT,2021-06-25,ACTIVE
A0000316,C000385,SAVINGS,2025-06-25,ACTIVE
A0000317,C000942,CURRENT,2023-08-07,ACTIVE
A0000318,C000079,DEPOSIT,2020-09-05,ACTIVE
A0000319,C000645,DEPOSIT,2023-11-04,ACTIVE
A0000320,C000236,CURRENT,2020-06-07,ACTIVE
A0000321,C000040,SAVINGS,2024-04-23,ACTIVE
A0000322,C000289,SAVINGS,2021-09-13,ACTIVE
A0000323,C000854,DEPOSIT,2022-02-12,CLOSED
A0000324,C000947,SAVINGS,2020-05-17,ACTIVE
A0000325,C000133,SAVINGS,2022-05-12,CLOSED
A0000326,C000981,SAVINGS,2023-07-22,ACTIVE
A0000327,C000321,DEPOSIT,2021-02-04,ACTIVE
A0000328,C000651,SAVINGS,2024-05-19,ACTIVE
A0000329,C000548,SAVINGS,2022-03-13,ACTIVE
A0000330,C000854,CURRENT,2023-01-27,ACTIVE
A0000331,C000904,SAVINGS,2022-02-26,ACTIVE
A0000332,C000299,CURRENT,2024-06-28,ACTIVE
A0000333,C000311,CURRENT,2024-04-22,ACTIVE
A0000334,C000984,DEPOSIT,2026-02-26,ACTIVE
A0000335,C000441,SAVINGS,2023-05-12,ACTIVE
A0000336,C000108,CURRENT,2025-02-21,ACTIVE
A0000337,C000433,SAVINGS,2023-10-24,ACTIVE
A0000338,C000192,DEPOSIT,2025-07-22,ACTIVE
A0000339,C000180,SAVINGS,2024-01-08,ACTIVE
A0000340,C000776,CURRENT,2021-09-03,ACTIVE
A0000341,C000953,DEPOSIT,2026-05-29,CLOSED
A0000342,C000595,CURRENT,2026-04-22,ACTIVE
A0000343,C000786,DEPOSIT,2024-11-27,ACTIVE
A0000344,C000522,SAVINGS,2020-01-16,ACTIVE
A0000345,C000896,SAVINGS,2021-10-19,ACTIVE
A0000346,C000227,DEPOSIT,2021-01-07,CLOSED
A0000347,C000825,CURRENT,2026-06-07,ACTIVE
A0000348,C000020,CURRENT,2024-09-29,ACTIVE
A0000349,C000742,DEPOSIT,2022-03-13,ACTIVE
A0000350,C000687,CURRENT,2020-05-19,ACTIVE
A0000351,C000948,DEPOSIT,2026-06-22,ACTIVE
A0000352,C000924,SAVINGS,2026-05-08,ACTIVE
A0000353,C000253,DEPOSIT,2021-04-16,ACTIVE
A0000354,C000747,DEPOSIT,2023-07-18,ACTIVE
A0000355,C000893,DEPOSIT,2021-12-01,CLOSED
A0000356,C000492,DEPOSIT,2023-02-09,CLOSED
A0000357,C000799,DEPOSIT,2025-02-02,ACTIVE
A0000358,C000092,DEPOSIT,2026-02-07,ACTIVE
A0000359,C000455,DEPOSIT,2021-08-19,ACTIVE
A0000360,C000674,CURRENT,2023-08-19,ACTIVE
A0000361,C000054,CURRENT,2025-03-21,ACTIVE
A0000362,C000210,DEPOSIT,2022-07-20,ACTIVE
A0000363,C000457,CURRENT,2025-05-27,CLOSED
A0000364,C000236,SAVINGS,2023-10-07,ACTIVE
A0000365,C000517,CURRENT,2020-10-09,ACTIVE
A0000366,C000794,DEPOSIT,2023-01-19,ACTIVE
A0000367,C000876,DEPOSIT,2020-07-19,ACTIVE
A0000368,C000041,SAVINGS,2025-12-11,ACTIVE
A0000369,C000709,CURRENT,2025-03-20,ACTIVE
A0000370,C000005,DEPOSIT,2021-11-23,ACTIVE
A0000371,C000753,CURRENT,2026-04-20,ACTIVE
A0000372,C000353,SAVINGS,2025-03-31,ACTIVE
A0000373,C000382,CURRENT,2020-01-20,ACTIVE
A0000374,C000946,CURRENT,2022-01-22,ACTIVE
A0000375,C000115,SAVINGS,2020-11-27,ACTIVE
A0000376,C000558,DEPOSIT,2022-08-14,ACTIVE
A0000377,C000596,CURRENT,2023-07-06,ACTIVE
A0000378,C000619,SAVINGS,2022-03-21,ACTIVE
A0000379,C000141,DEPOSIT,2023-01-12,CLOSED
A0000380,C000074,SAVINGS,2021-02-28,ACTIVE
A0000381,C000502,DEPOSIT,2022-09-22,ACTIVE
A0000382,C000762,SAVINGS,2024-05-20,ACTIVE
A0000383,C000688,CURRENT,2020-05-16,ACTIVE
A0000384,C000196,SAVINGS,2020-02-14,ACTIVE
A0000385,C000612,DEPOSIT,2023-10-28,ACTIVE
A0000386,C000360,DEPOSIT,2020-08-09,ACTIVE
A0000387,C000837,DEPOSIT,2023-08-01,ACTIVE
A0000388,C000905,CURRENT,2023-05-23,ACTIVE
A0000389,C000555,CURRENT,2022-02-09,ACTIVE
A0000390,C000968,SAVINGS,2023-10-15,ACTIVE
A0000391,C000222,SAVINGS,2020-03-23,CLOSED
A0000392,C000933,CURRENT,2020-06-19,ACTIVE
A0000393,C000729,DEPOSIT,2020-10-14,ACTIVE
A0000394,C000389,CURRENT,2022-04-26,ACTIVE
A0000395,C000236,CURRENT,2021-03-09,ACTIVE
A0000396,C000151,SAVINGS,2020-11-18,ACTIVE
A0000397,C000394,CURRENT,2025-10-23,ACTIVE
A0000398,C000190,CURRENT,2024-04-20,ACTIVE
A0000399,C000873,SAVINGS,2025-07-21,ACTIVE
A0000400,C000317,CURRENT,2020-05-01,ACTIVE
A0000401,C000849,SAVINGS,2021-11-02,ACTIVE
A0000402,C000345,CURRENT,2025-02-28,ACTIVE
A0000403,C000466,DEPOSIT,2024-04-09,CLOSED
A0000404,C000013,SAVINGS,2024-07-29,ACTIVE
A0000405,C000965,SAVINGS,2024-08-26,CLOSED
A0000406,C000840,CURRENT,2020-08-28,ACTIVE
A0000407,C000030,SAVINGS,2020-06-28,ACTIVE
A0000408,C000762,SAVINGS,2021-02-07,ACTIVE
A0000409,C000144,SAVINGS,2023-12-08,ACTIVE
A0000410,C000520,DEPOSIT,2022-09-20,ACTIVE
A0000411,C000385,CURRENT,2021-05-29,ACTIVE
A0000412,C000292,SAVINGS,2026-01-08,ACTIVE
A0000413,C000907,SAVINGS,2023-10-07,ACTIVE
A0000414,C000156,DEPOSIT,2023-01-06,ACTIVE
A0000415,C000232,SAVINGS,2023-04-22,ACTIVE
A0000416,C000937,DEPOSIT,2024-05-16,ACTIVE
A0000417,C000289,SAVINGS,2020-10-27,ACTIVE
A0000418,C000743,SAVINGS,2022-02-04,ACTIVE
A0000419,C000801,CURRENT,2020-09-22,ACTIVE
A0000420,C000161,CURRENT,2020-06-21,CLOSED
A0000421,C000850,CURRENT,2024-09-25,ACTIVE
A0000422,C000049,SAVINGS,2025-04-26,ACTIVE
A0000423,C000195,CURRENT,2025-01-01,ACTIVE
A0000424,C000631,SAVINGS,2026-01-23,ACTIVE
A0000425,C000238,CURRENT,2024-01-26,ACTIVE
A0000426,C000320,DEPOSIT,2021-06-11,ACTIVE
A0000427,C000748,SAVINGS,2021-08-06,ACTIVE
A0000428,C000753,DEPOSIT,2025-07-17,CLOSED
A0000429,C000884,SAVINGS,2025-05-23,ACTIVE
A0000430,C000286,SAVINGS,2021-06-19,CLOSED
A0000431,C000970,SAVINGS,2023-03-29,ACTIVE
A0000432,C000221,SAVINGS,2023-11-05,ACTIVE
A0000433,C000336,DEPOSIT,2022-04-12,ACTIVE
A0000434,C000984,CURRENT,2022-02-27,CLOSED
A0000435,C000287,DEPOSIT,2020-12-29,ACTIVE
A0000436,C000707,DEPOSIT,2021-04-02,ACTIVE
A0000437,C000393,CURRENT,2025-03-15,ACTIVE
A0000438,C000457,SAVINGS,2021-07-18,ACTIVE
A0000439,C000666,DEPOSIT,2024-04-28,ACTIVE
A0000440,C000418,SAVINGS,2024-01-28,ACTIVE
A0000441,C000234,DEPOSIT,2022-03-15,ACTIVE
A0000442,C000661,CURRENT,2024-01-01,ACTIVE
A0000443,C000809,DEPOSIT,2021-09-07,ACTIVE
A0000444,C000797,DEPOSIT,2026-03-08,ACTIVE
A0000445,C000659,DEPOSIT,2026-03-06,ACTIVE
A0000446,C000090,CURRENT,2023-03-16,ACTIVE
A0000447,C000840,CURRENT,2023-11-30,ACTIVE
A0000448,C000671,DEPOSIT,2024-02-13,ACTIVE
A0000449,C000005,CURRENT,2025-02-27,ACTIVE
A0000450,C000479,SAVINGS,2022-10-02,ACTIVE
A0000451,C000766,SAVINGS,2026-05-28,ACTIVE
A0000452,C000327,DEPOSIT,2021-06-29,ACTIVE
A0000453,C000674,SAVINGS,2024-01-22,ACTIVE
A0000454,C000433,SAVINGS,2025-10-23,ACTIVE
A0000455,C000348,DEPOSIT,2021-06-17,ACTIVE
A0000456,C000342,DEPOSIT,2022-05-15,ACTIVE
A0000457,C000430,DEPOSIT,2022-01-01,ACTIVE
A0000458,C000078,DEPOSIT,2021-09-30,ACTIVE
A0000459,C000188,SAVINGS,2023-11-19,ACTIVE
A0000460,C000361,CURRENT,2023-06-03,ACTIVE
A0000461,C000701,SAVINGS,2022-02-22,ACTIVE
A0000462,C000027,DEPOSIT,2021-03-05,CLOSED
A0000463,C000986,CURRENT,2021-02-26,ACTIVE
A0000464,C000218,DEPOSIT,2020-11-24,ACTIVE
A0000465,C000770,CURRENT,2023-12-07,ACTIVE
A0000466,C000989,CURRENT,2026-04-21,ACTIVE
A0000467,C000836,SAVINGS,2020-06-10,ACTIVE
A0000468,C000944,SAVINGS,2025-07-25,ACTIVE
A0000469,C000355,DEPOSIT,2022-11-09,ACTIVE
A0000470,C000151,SAVINGS,2024-01-08,CLOSED
A0000471,C000810,CURRENT,2024-08-19,ACTIVE
A0000472,C000826,SAVINGS,2022-12-25,CLOSED
A0000473,C000612,DEPOSIT,2024-08-31,ACTIVE
A0000474,C000950,DEPOSIT,2023-09-14,ACTIVE
A0000475,C000738,DEPOSIT,2024-04-21,ACTIVE
A0000476,C000766,SAVINGS,2024-04-29,ACTIVE
A0000477,C000153,SAVINGS,2022-04-12,ACTIVE
A0000478,C000086,SAVINGS,2023-11-17,ACTIVE
A0000479,C000694,DEPOSIT,2021-05-08,ACTIVE
A0000480,C000769,CURRENT,2025-09-24,ACTIVE
A0000481,C000411,DEPOSIT,2025-02-10,CLOSED
A0000482,C000852,SAVINGS,2024-01-26,ACTIVE
A0000483,C000018,CURRENT,2020-10-16,ACTIVE
A0000484,C000239,CURRENT,2026-01-21,ACTIVE
A0000485,C000602,CURRENT,2022-10-07,ACTIVE
A0000486,C000594,DEPOSIT,2026-03-01,ACTIVE
A0000487,C000033,SAVINGS,2023-07-10,ACTIVE
A0000488,C000899,DEPOSIT,2024-11-02,ACTIVE
A0000489,C000764,DEPOSIT,2025-08-28,CLOSED
A0000490,C000265,CURRENT,2024-03-15,ACTIVE
A0000491,C000413,CURRENT,2025-09-09,ACTIVE
A0000492,C000434,CURRENT,2022-03-30,ACTIVE
A0000493,C000040,DEPOSIT,2021-02-09,ACTIVE
A0000494,C000171,SAVINGS,2025-11-24,ACTIVE
A0000495,C000309,DEPOSIT,2022-01-10,ACTIVE
A0000496,C000960,DEPOSIT,2023-08-23,CLOSED
A0000497,C000222,CURRENT,2022-09-03,ACTIVE
A0000498,C000659,SAVINGS,2025-10-26,ACTIVE
A0000499,C000530,SAVINGS,2020-04-06,ACTIVE
A0000500,C000169,DEPOSIT,2024-12-28,ACTIVE
A0000501,C000122,SAVINGS,2023-02-11,ACTIVE
A0000502,C000470,SAVINGS,2020-07-21,ACTIVE
A0000503,C000510,CURRENT,2026-03-05,ACTIVE
A0000504,C000468,CURRENT,2024-07-17,ACTIVE
A0000505,C000734,DEPOSIT,2024-09-17,ACTIVE
A0000506,C000185,SAVINGS,2022-07-07,ACTIVE
A0000507,C000958,DEPOSIT,2024-02-19,ACTIVE
A0000508,C000995,DEPOSIT,2024-08-29,ACTIVE
A0000509,C000966,SAVINGS,2020-08-23,ACTIVE
A0000510,C000082,DEPOSIT,2020-07-23,ACTIVE
A0000511,C000632,DEPOSIT,2025-08-17,CLOSED
A0000512,C000733,SAVINGS,2021-08-08,ACTIVE
A0000513,C000994,SAVINGS,2020-10-29,ACTIVE
A0000514,C000621,SAVINGS,2025-05-21,CLOSED
A0000515,C000802,CURRENT,2021-05-08,ACTIVE
A0000516,C000164,DEPOSIT,2022-06-03,ACTIVE
A0000517,C000889,DEPOSIT,2024-07-17,ACTIVE
A0000518,C000410,CURRENT,2020-03-24,ACTIVE
A0000519,C000979,DEPOSIT,2023-12-24,ACTIVE
A0000520,C000118,SAVINGS,2026-01-25,ACTIVE
A0000521,C000043,SAVINGS,2023-06-30,CLOSED
A0000522,C000385,SAVINGS,2020-03-24,ACTIVE
A0000523,C000176,SAVINGS,2023-01-01,ACTIVE
A0000524,C000186,SAVINGS,2025-01-23,CLOSED
A0000525,C000148,SAVINGS,2021-04-20,CLOSED
A0000526,C000774,DEPOSIT,2023-08-31,ACTIVE
A0000527,C000163,DEPOSIT,2025-07-24,ACTIVE
A0000528,C000955,SAVINGS,2024-09-09,ACTIVE
A0000529,C000027,DEPOSIT,2025-08-15,ACTIVE
A0000530,C000516,CURRENT,2020-07-29,ACTIVE
A0000531,C000007,CURRENT,2021-03-22,ACTIVE
A0000532,C000203,CURRENT,2025-12-25,ACTIVE
A0000533,C000797,CURRENT,2020-03-20,ACTIVE
A0000534,C000788,SAVINGS,2023-01-21,ACTIVE
A0000535,C000652,SAVINGS,2022-04-20,ACTIVE
A0000536,C000002,DEPOSIT,2022-03-28,ACTIVE
A0000537,C000168,CURRENT,2023-04-12,ACTIVE
A0000538,C000135,DEPOSIT,2024-11-17,CLOSED
A0000539,C000381,SAVINGS,2025-08-30,CLOSED
A0000540,C000653,SAVINGS,2020-08-28,ACTIVE
A0000541,C000629,SAVINGS,2024-08-03,ACTIVE
A0000542,C000380,SAVINGS,2020-12-18,CLOSED
A0000543,C000165,CURRENT,2021-07-24,ACTIVE
A0000544,C000570,SAVINGS,2026-04-05,ACTIVE
A0000545,C000833,CURRENT,2022-08-07,CLOSED
A0000546,C000208,CURRENT,2021-03-24,ACTIVE
A0000547,C000600,CURRENT,2022-03-04,ACTIVE
A0000548,C000575,CURRENT,2023-09-19,CLOSED
A0000549,C000511,SAVINGS,2023-11-02,ACTIVE
A0000550,C000229,CURRENT,2024-06-05,ACTIVE
A0000551,C000584,DEPOSIT,2020-04-17,ACTIVE
A0000552,C000860,CURRENT,2025-04-01,ACTIVE
A0000553,C000340,DEPOSIT,2026-06-25,ACTIVE
A0000554,C000136,DEPOSIT,2023-03-12,ACTIVE
A0000555,C000996,SAVINGS,2022-05-28,ACTIVE
A0000556,C000568,DEPOSIT,2022-09-28,ACTIVE
A0000557,C000334,SAVINGS,2024-12-09,CLOSED
A0000558,C000310,SAVINGS,2023-01-11,ACTIVE
A0000559,C000777,SAVINGS,2024-10-21,ACTIVE
A0000560,C000897,SAVINGS,2023-12-06,CLOSED
A0000561,C000166,DEPOSIT,2022-12-10,ACTIVE
A0000562,C000563,DEPOSIT,2022-09-30,ACTIVE
A0000563,C000362,SAVINGS,2020-01-19,ACTIVE
A0000564,C000328,SAVINGS,2020-01-20,ACTIVE
A0000565,C000763,DEPOSIT,2022-12-06,ACTIVE
A0000566,C000807,DEPOSIT,2021-03-04,ACTIVE
A0000567,C000430,SAVINGS,2024-07-29,ACTIVE
A0000568,C000716,CURRENT,2020-02-28,ACTIVE
A0000569,C000785,DEPOSIT,2024-06-06,ACTIVE
A0000570,C000147,CURRENT,2023-09-02,ACTIVE
A0000571,C000099,DEPOSIT,2021-12-22,CLOSED
A0000572,C000416,DEPOSIT,2023-04-26,ACTIVE
A0000573,C000654,DEPOSIT,2021-09-21,ACTIVE
A0000574,C000046,DEPOSIT,2024-12-13,ACTIVE
A0000575,C000980,SAVINGS,2023-04-28,ACTIVE
A0000576,C000557,CURRENT,2021-12-02,ACTIVE
A0000577,C000906,SAVINGS,2022-09-16,ACTIVE
A0000578,C000918,DEPOSIT,2024-08-25,ACTIVE
A0000579,C000095,SAVINGS,2025-04-28,ACTIVE
A0000580,C000598,DEPOSIT,2020-12-06,ACTIVE
A0000581,C000320,DEPOSIT,2024-11-14,ACTIVE
A0000582,C000861,DEPOSIT,2025-10-07,ACTIVE
A0000583,C000252,DEPOSIT,2021-07-06,ACTIVE
A0000584,C000896,SAVINGS,2021-01-24,ACTIVE
A0000585,C000533,SAVINGS,2024-11-25,ACTIVE
A0000586,C000133,DEPOSIT,2023-07-11,ACTIVE
A0000587,C000481,CURRENT,2022-05-05,CLOSED
A0000588,C000818,DEPOSIT,2022-12-24,CLOSED
A0000589,C000942,CURRENT,2022-10-19,ACTIVE
A0000590,C000267,CURRENT,2024-12-16,ACTIVE
A0000591,C000333,CURRENT,2024-02-01,ACTIVE
A0000592,C000126,DEPOSIT,2026-01-18,CLOSED
A0000593,C000309,CURRENT,2025-10-23,ACTIVE
A0000594,C000152,SAVINGS,2023-10-22,CLOSED
A0000595,C000168,SAVINGS,2021-07-01,ACTIVE
A0000596,C000882,SAVINGS,2023-09-23,ACTIVE
A0000597,C000065,DEPOSIT,2023-02-11,ACTIVE
A0000598,C000373,DEPOSIT,2021-12-03,ACTIVE
A0000599,C000994,SAVINGS,2022-10-03,ACTIVE
A0000600,C000148,DEPOSIT,2020-07-29,CLOSED
A0000601,C000014,DEPOSIT,2023-09-18,ACTIVE
A0000602,C000324,CURRENT,2026-02-25,ACTIVE
A0000603,C000202,DEPOSIT,2025-07-27,CLOSED
A0000604,C000685,CURRENT,2026-06-29,ACTIVE
A0000605,C000048,SAVINGS,2023-11-09,ACTIVE
A0000606,C000645,SAVINGS,2024-03-31,CLOSED
A0000607,C000266,SAVINGS,2025-02-18,ACTIVE
A0000608,C000950,CURRENT,2025-11-26,ACTIVE
A0000609,C000045,CURRENT,2025-03-03,ACTIVE
A0000610,C000061,SAVINGS,2024-01-27,ACTIVE
A0000611,C000829,CURRENT,2020-01-01,ACTIVE
A0000612,C000890,SAVINGS,2023-07-30,CLOSED
A0000613,C000323,CURRENT,2020-04-26,ACTIVE
A0000614,C000268,SAVINGS,2022-10-15,ACTIVE
A0000615,C000890,SAVINGS,2024-08-23,ACTIVE
A0000616,C000870,DEPOSIT,2025-01-07,ACTIVE
A0000617,C000370,DEPOSIT,2021-05-16,ACTIVE
A0000618,C000026,CURRENT,2022-08-18,ACTIVE
A0000619,C000335,SAVINGS,2020-01-13,ACTIVE
A0000620,C000825,SAVINGS,2023-01-12,CLOSED
A0000621,C000380,SAVINGS,2020-02-22,ACTIVE
A0000622,C000221,DEPOSIT,2022-03-27,ACTIVE
A0000623,C000129,CURRENT,2024-07-30,ACTIVE
A0000624,C000496,DEPOSIT,2020-10-14,ACTIVE
A0000625,C000976,SAVINGS,2021-06-29,ACTIVE
A0000626,C000174,DEPOSIT,2025-04-11,ACTIVE
A0000627,C000341,CURRENT,2020-05-20,CLOSED
A0000628,C000523,DEPOSIT,2023-05-24,ACTIVE
A0000629,C000975,SAVINGS,2024-07-09,CLOSED
A0000630,C000816,SAVINGS,2020-05-19,ACTIVE
A0000631,C000962,DEPOSIT,2022-01-27,ACTIVE
A0000632,C000784,SAVINGS,2020-11-14,ACTIVE
A0000633,C000076,CURRENT,2025-04-22,ACTIVE
A0000634,C000572,DEPOSIT,2023-11-27,ACTIVE
A0000635,C000832,CURRENT,2025-05-04,CLOSED
A0000636,C000365,SAVINGS,2021-11-19,ACTIVE
A0000637,C000605,CURRENT,2021-05-27,ACTIVE
A0000638,C000487,SAVINGS,2021-03-30,CLOSED
A0000639,C000428,SAVINGS,2025-03-31,CLOSED
A0000640,C000234,DEPOSIT,2023-07-12,ACTIVE
A0000641,C000406,DEPOSIT,2025-06-09,CLOSED
A0000642,C000447,DEPOSIT,2021-08-12,ACTIVE
A0000643,C000750,DEPOSIT,2021-06-03,ACTIVE
A0000644,C000365,DEPOSIT,2022-06-22,ACTIVE
A0000645,C000234,CURRENT,2026-05-30,ACTIVE
A0000646,C000583,DEPOSIT,2026-01-13,CLOSED
A0000647,C000331,CURRENT,2020-12-17,ACTIVE
A0000648,C000045,SAVINGS,2023-09-19,CLOSED
A0000649,C000514,DEPOSIT,2025-04-12,ACTIVE
A0000650,C000494,CURRENT,2024-05-12,ACTIVE
A0000651,C000074,DEPOSIT,2023-07-09,ACTIVE
A0000652,C000739,CURRENT,2025-04-22,ACTIVE
A0000653,C000075,DEPOSIT,2023-01-13,ACTIVE
A0000654,C000524,DEPOSIT,2026-03-12,CLOSED
A0000655,C000214,CURRENT,2025-01-18,ACTIVE
A0000656,C000578,DEPOSIT,2022-10-25,ACTIVE
A0000657,C000779,SAVINGS,2023-06-20,CLOSED
A0000658,C000168,SAVINGS,2024-05-05,ACTIVE
A0000659,C000289,SAVINGS,2022-09-26,ACTIVE
A0000660,C000947,CURRENT,2022-03-10,ACTIVE
A0000661,C000156,DEPOSIT,2020-05-12,ACTIVE
A0000662,C000767,CURRENT,2020-01-21,ACTIVE
A0000663,C000819,SAVINGS,2025-06-03,CLOSED
A0000664,C000946,CURRENT,2022-06-11,ACTIVE
A0000665,C000031,SAVINGS,2026-02-28,CLOSED
A0000666,C000306,DEPOSIT,2021-04-01,ACTIVE
A0000667,C000748,SAVINGS,2020-08-03,ACTIVE
A0000668,C000372,CURRENT,2020-02-06,ACTIVE
A0000669,C000325,SAVINGS,2023-02-20,ACTIVE
A0000670,C000617,DEPOSIT,2025-09-23,ACTIVE
A0000671,C000015,DEPOSIT,2024-02-08,ACTIVE
A0000672,C000012,SAVINGS,2023-03-22,ACTIVE
A0000673,C000517,CURRENT,2025-05-13,ACTIVE
A0000674,C000420,DEPOSIT,2022-08-18,ACTIVE
A0000675,C000663,CURRENT,2020-06-05,ACTIVE
A0000676,C000727,SAVINGS,2023-09-06,ACTIVE
A0000677,C000932,CURRENT,2025-10-22,ACTIVE
A0000678,C000320,CURRENT,2020-02-04,ACTIVE
A0000679,C000544,SAVINGS,2020-07-19,ACTIVE
A0000680,C000995,SAVINGS,2021-02-13,ACTIVE
A0000681,C000784,DEPOSIT,2024-06-02,ACTIVE
A0000682,C000017,DEPOSIT,2023-09-23,CLOSED
A0000683,C000012,CURRENT,2020-08-14,ACTIVE
A0000684,C000121,CURRENT,2025-12-24,ACTIVE
A0000685,C000912,CURRENT,2025-01-13,ACTIVE
A0000686,C000621,SAVINGS,2022-11-30,ACTIVE
A0000687,C000487,CURRENT,2024-06-22,ACTIVE
A0000688,C000651,CURRENT,2023-11-03,ACTIVE
A0000689,C000067,CURRENT,2025-04-27,ACTIVE
A0000690,C000359,CURRENT,2024-12-23,ACTIVE
A0000691,C000625,CURRENT,2026-01-24,CLOSED
A0000692,C000619,SAVINGS,2023-11-24,ACTIVE
A0000693,C000993,SAVINGS,2024-01-09,ACTIVE
A0000694,C000134,CURRENT,2021-01-29,ACTIVE
A0000695,C000390,DEPOSIT,2026-04-18,ACTIVE
A0000696,C000807,SAVINGS,2022-12-31,ACTIVE
A0000697,C000159,CURRENT,2023-06-29,ACTIVE
A0000698,C000852,SAVINGS,2020-02-23,ACTIVE
A0000699,C000344,CURRENT,2025-08-24,CLOSED
A0000700,C000936,CURRENT,2023-08-11,CLOSED
A0000701,C000251,DEPOSIT,2024-10-17,ACTIVE
A0000702,C000340,SAVINGS,2020-05-30,ACTIVE
A0000703,C000302,SAVINGS,2024-02-23,ACTIVE
A0000704,C000313,SAVINGS,2025-09-23,ACTIVE
A0000705,C000483,SAVINGS,2024-12-11,ACTIVE
A0000706,C000546,CURRENT,2020-07-15,ACTIVE
A0000707,C000164,SAVINGS,2025-10-29,ACTIVE
A0000708,C000720,CURRENT,2024-08-27,CLOSED
A0000709,C000799,CURRENT,2021-11-23,CLOSED
A0000710,C000361,CURRENT,2020-02-18,ACTIVE
A0000711,C000587,CURRENT,2024-06-27,ACTIVE
A0000712,C000721,CURRENT,2021-12-05,ACTIVE
A0000713,C000942,DEPOSIT,2024-05-02,ACTIVE
A0000714,C000377,SAVINGS,2020-10-19,ACTIVE
A0000715,C000187,DEPOSIT,2023-04-07,ACTIVE
A0000716,C000156,CURRENT,2024-06-25,ACTIVE
A0000717,C000757,SAVINGS,2022-07-03,CLOSED
A0000718,C000014,CURRENT,2020-03-28,ACTIVE
A0000719,C000566,SAVINGS,2026-05-31,CLOSED
A0000720,C000299,SAVINGS,2022-11-20,ACTIVE
A0000721,C000922,CURRENT,2021-03-09,ACTIVE
A0000722,C000066,SAVINGS,2024-10-24,ACTIVE
A0000723,C000375,SAVINGS,2020-11-04,CLOSED
A0000724,C000939,DEPOSIT,2024-10-22,ACTIVE
A0000725,C000082,SAVINGS,2024-12-10,ACTIVE
A0000726,C000918,SAVINGS,2022-07-06,ACTIVE
A0000727,C000827,CURRENT,2025-07-24,ACTIVE
A0000728,C000899,DEPOSIT,2024-02-03,ACTIVE
A0000729,C000982,SAVINGS,2025-06-03,ACTIVE
A0000730,C000087,DEPOSIT,2021-03-11,ACTIVE
A0000731,C000793,SAVINGS,2020-08-22,ACTIVE
A0000732,C000824,CURRENT,2024-04-05,ACTIVE
A0000733,C000179,SAVINGS,2021-11-28,ACTIVE
A0000734,C000554,SAVINGS,2024-05-08,ACTIVE
A0000735,C000016,SAVINGS,2022-05-30,ACTIVE
A0000736,C000930,SAVINGS,2021-10-27,ACTIVE
A0000737,C000924,CURRENT,2022-06-13,ACTIVE
A0000738,C000930,DEPOSIT,2026-02-16,ACTIVE
A0000739,C000207,CURRENT,2026-04-24,ACTIVE
A0000740,C000910,CURRENT,2022-02-01,ACTIVE
A0000741,C000035,CURRENT,2020-02-15,ACTIVE
A0000742,C000903,SAVINGS,2023-03-08,ACTIVE
A0000743,C000639,DEPOSIT,2024-02-10,ACTIVE
A0000744,C000472,SAVINGS,2023-10-05,ACTIVE
A0000745,C000795,SAVINGS,2021-10-30,ACTIVE
A0000746,C000058,DEPOSIT,2024-04-15,ACTIVE
A0000747,C000018,CURRENT,2026-04-04,CLOSED
A0000748,C000036,SAVINGS,2021-06-18,ACTIVE
A0000749,C000023,DEPOSIT,2022-09-28,ACTIVE
A0000750,C000064,SAVINGS,2026-05-18,CLOSED
A0000751,C000319,CURRENT,2026-05-25,ACTIVE
A0000752,C000763,SAVINGS,2020-03-02,ACTIVE
A0000753,C000861,SAVINGS,2021-01-26,ACTIVE
A0000754,C000638,DEPOSIT,2024-02-10,ACTIVE
A0000755,C000925,DEPOSIT,2022-02-20,ACTIVE
A0000756,C000872,CURRENT,2020-04-20,CLOSED
A0000757,C000501,CURRENT,2022-05-06,ACTIVE
A0000758,C000027,CURRENT,2024-09-21,ACTIVE
A0000759,C000525,DEPOSIT,2025-05-04,ACTIVE
A0000760,C000517,CURRENT,2022-02-04,CLOSED
A0000761,C000327,DEPOSIT,2021-02-13,ACTIVE
A0000762,C000390,SAVINGS,2023-10-10,ACTIVE
A0000763,C000185,CURRENT,2021-11-19,CLOSED
A0000764,C000876,DEPOSIT,2021-01-05,ACTIVE
A0000765,C000618,DEPOSIT,2026-05-12,ACTIVE
A0000766,C000944,DEPOSIT,2020-03-22,ACTIVE
A0000767,C000091,DEPOSIT,2025-10-14,CLOSED
A0000768,C000372,SAVINGS,2025-08-19,ACTIVE
A0000769,C000094,CURRENT,2023-12-25,CLOSED
A0000770,C000960,SAVINGS,2020-07-22,ACTIVE
A0000771,C000230,SAVINGS,2024-06-12,ACTIVE
A0000772,C000613,CURRENT,2025-05-16,ACTIVE
A0000773,C000248,DEPOSIT,2022-03-25,CLOSED
A0000774,C000643,SAVINGS,2023-02-16,ACTIVE
A0000775,C000555,DEPOSIT,2020-06-08,CLOSED
A0000776,C000020,SAVINGS,2020-02-25,ACTIVE
A0000777,C000493,DEPOSIT,2025-02-22,CLOSED
A0000778,C000692,DEPOSIT,2020-03-01,ACTIVE
A0000779,C000592,SAVINGS,2020-12-21,ACTIVE
A0000780,C000503,DEPOSIT,2024-05-26,ACTIVE
A0000781,C000865,DEPOSIT,2021-06-23,ACTIVE
A0000782,C000942,DEPOSIT,2026-04-16,ACTIVE
A0000783,C000646,SAVINGS,2020-08-21,ACTIVE
A0000784,C000722,DEPOSIT,2022-07-30,ACTIVE
A0000785,C000606,CURRENT,2024-01-17,CLOSED
A0000786,C000140,SAVINGS,2026-03-10,ACTIVE
A0000787,C000209,SAVINGS,2024-03-27,ACTIVE
A0000788,C000421,SAVINGS,2020-02-08,ACTIVE
A0000789,C000678,DEPOSIT,2021-02-11,ACTIVE
A0000790,C000069,CURRENT,2020-05-23,ACTIVE
A0000791,C000038,DEPOSIT,2026-06-10,ACTIVE
A0000792,C000492,CURRENT,2025-06-25,ACTIVE
A0000793,C000507,SAVINGS,2026-03-13,ACTIVE
A0000794,C000069,DEPOSIT,2021-09-05,ACTIVE
A0000795,C000292,CURRENT,2024-07-01,ACTIVE
A0000796,C000522,DEPOSIT,2023-07-11,CLOSED
A0000797,C000950,SAVINGS,2026-03-02,ACTIVE
A0000798,C000474,SAVINGS,2024-11-24,ACTIVE
A0000799,C000310,CURRENT,2026-03-27,ACTIVE
A0000800,C000132,SAVINGS,2023-10-12,ACTIVE
A0000801,C000993,SAVINGS,2025-05-01,CLOSED
A0000802,C000308,DEPOSIT,2026-01-07,ACTIVE
A0000803,C000244,CURRENT,2026-03-06,ACTIVE
A0000804,C000219,DEPOSIT,2023-11-30,ACTIVE
A0000805,C000224,CURRENT,2024-08-29,ACTIVE
A0000806,C000231,CURRENT,2021-11-22,ACTIVE
A0000807,C000897,CURRENT,2020-12-26,CLOSED
A0000808,C000687,CURRENT,2021-04-10,ACTIVE
A0000809,C000722,SAVINGS,2024-03-05,ACTIVE
A0000810,C000499,DEPOSIT,2023-05-10,CLOSED
A0000811,C000299,DEPOSIT,2023-06-18,ACTIVE
A0000812,C000921,CURRENT,2022-05-11,ACTIVE
A0000813,C000633,DEPOSIT,2022-08-24,ACTIVE
A0000814,C000653,SAVINGS,2020-07-03,ACTIVE
A0000815,C000432,SAVINGS,2025-12-26,ACTIVE
A0000816,C000393,CURRENT,2020-02-18,ACTIVE
A0000817,C000406,CURRENT,2023-02-20,ACTIVE
A0000818,C000198,CURRENT,2025-08-05,ACTIVE
A0000819,C000944,SAVINGS,2023-01-05,ACTIVE
A0000820,C000934,CURRENT,2020-08-04,ACTIVE
A0000821,C000374,DEPOSIT,2020-10-19,ACTIVE
A0000822,C000605,DEPOSIT,2021-12-06,ACTIVE
A0000823,C000980,SAVINGS,2024-10-21,ACTIVE
A0000824,C000014,SAVINGS,2023-09-18,ACTIVE
A0000825,C000726,CURRENT,2025-01-17,ACTIVE
A0000826,C000498,SAVINGS,2020-05-02,ACTIVE
A0000827,C000629,CURRENT,2023-05-04,CLOSED
A0000828,C000324,DEPOSIT,2025-06-11,ACTIVE
A0000829,C000446,SAVINGS,2023-01-12,CLOSED
A0000830,C000256,SAVINGS,2020-10-24,ACTIVE
A0000831,C000399,CURRENT,2022-09-03,ACTIVE
A0000832,C000470,CURRENT,2023-03-04,ACTIVE
A0000833,C000494,DEPOSIT,2021-11-10,CLOSED
A0000834,C000735,SAVINGS,2023-10-12,ACTIVE
A0000835,C000623,CURRENT,2021-02-19,ACTIVE
A0000836,C000689,CURRENT,2023-12-04,ACTIVE
A0000837,C000921,CURRENT,2022-03-27,ACTIVE
A0000838,C000270,SAVINGS,2021-04-09,ACTIVE
A0000839,C000890,SAVINGS,2025-02-25,ACTIVE
A0000840,C000368,SAVINGS,2023-07-07,ACTIVE
A0000841,C000635,DEPOSIT,2023-03-30,ACTIVE
A0000842,C000654,DEPOSIT,2021-07-06,ACTIVE
A0000843,C000302,SAVINGS,2023-04-18,ACTIVE
A0000844,C000337,SAVINGS,2020-05-29,ACTIVE
A0000845,C000685,DEPOSIT,2020-07-13,ACTIVE
A0000846,C000155,DEPOSIT,2022-12-16,CLOSED
A0000847,C000986,DEPOSIT,2020-09-23,ACTIVE
A0000848,C000504,CURRENT,2025-08-05,ACTIVE
A0000849,C000682,CURRENT,2021-09-29,ACTIVE
A0000850,C000549,CURRENT,2021-09-15,ACTIVE
A0000851,C000283,DEPOSIT,2020-09-26,ACTIVE
A0000852,C000636,SAVINGS,2020-03-26,ACTIVE
A0000853,C000676,SAVINGS,2020-12-27,CLOSED
A0000854,C000752,DEPOSIT,2025-04-07,ACTIVE
A0000855,C000691,CURRENT,2022-05-03,ACTIVE
A0000856,C000698,DEPOSIT,2021-01-11,ACTIVE
A0000857,C000501,SAVINGS,2021-06-03,ACTIVE
A0000858,C000513,CURRENT,2020-10-13,ACTIVE
A0000859,C000334,CURRENT,2025-03-03,ACTIVE
A0000860,C000600,SAVINGS,2023-06-14,ACTIVE
A0000861,C000422,CURRENT,2021-10-24,ACTIVE
A0000862,C000264,DEPOSIT,2024-06-02,CLOSED
A0000863,C000826,DEPOSIT,2025-07-23,ACTIVE
A0000864,C000813,CURRENT,2022-07-23,ACTIVE
A0000865,C000894,SAVINGS,2024-12-13,ACTIVE
A0000866,C000700,SAVINGS,2023-12-09,CLOSED
A0000867,C000651,SAVINGS,2024-10-17,ACTIVE
A0000868,C000717,SAVINGS,2022-11-25,ACTIVE
A0000869,C000818,SAVINGS,2021-06-23,ACTIVE
A0000870,C000873,CURRENT,2021-09-14,ACTIVE
A0000871,C000245,CURRENT,2020-11-01,ACTIVE
A0000872,C000196,CURRENT,2025-03-28,ACTIVE
A0000873,C000280,DEPOSIT,2023-01-24,ACTIVE
A0000874,C000043,CURRENT,2025-08-29,ACTIVE
A0000875,C000652,DEPOSIT,2021-04-02,ACTIVE
A0000876,C000784,CURRENT,2021-05-14,ACTIVE
A0000877,C000589,DEPOSIT,2025-11-16,ACTIVE
A0000878,C000617,DEPOSIT,2025-11-09,ACTIVE
A0000879,C000352,DEPOSIT,2023-12-18,ACTIVE
A0000880,C000846,SAVINGS,2021-07-29,ACTIVE
A0000881,C000516,DEPOSIT,2021-07-19,ACTIVE
A0000882,C000845,SAVINGS,2023-07-09,ACTIVE
A0000883,C000477,CURRENT,2020-09-28,CLOSED
A0000884,C000343,SAVINGS,2024-01-22,ACTIVE
A0000885,C000382,DEPOSIT,2022-05-27,ACTIVE
A0000886,C000150,SAVINGS,2021-03-14,CLOSED
A0000887,C000489,SAVINGS,2023-03-30,ACTIVE
A0000888,C000221,DEPOSIT,2020-04-13,CLOSED
A0000889,C000679,CURRENT,2020-10-18,ACTIVE
A0000890,C000783,DEPOSIT,2022-06-27,ACTIVE
A0000891,C000117,CURRENT,2020-04-27,ACTIVE
A0000892,C000161,DEPOSIT,2021-02-11,ACTIVE
A0000893,C000713,SAVINGS,2024-12-30,ACTIVE
A0000894,C000920,DEPOSIT,2024-08-01,ACTIVE
A0000895,C000893,SAVINGS,2023-04-12,ACTIVE
A0000896,C000063,CURRENT,2026-05-14,ACTIVE
A0000897,C000285,CURRENT,2020-08-22,ACTIVE
A0000898,C000561,CURRENT,2022-07-01,ACTIVE
A0000899,C000816,CURRENT,2025-08-31,CLOSED
A0000900,C000022,SAVINGS,2020-07-14,CLOSED
A0000901,C000442,SAVINGS,2022-01-23,ACTIVE
A0000902,C000278,SAVINGS,2025-09-02,ACTIVE
A0000903,C000004,SAVINGS,2023-12-29,ACTIVE
A0000904,C000883,DEPOSIT,2025-10-25,ACTIVE
A0000905,C000469,CURRENT,2025-10-01,CLOSED
A0000906,C000085,SAVINGS,2023-07-22,ACTIVE
A0000907,C000700,DEPOSIT,2024-01-21,ACTIVE
A0000908,C000587,CURRENT,2024-09-25,CLOSED
A0000909,C000740,CURRENT,2024-01-26,ACTIVE
A0000910,C000468,SAVINGS,2022-02-14,CLOSED
A0000911,C000530,DEPOSIT,2025-10-22,ACTIVE
A0000912,C000314,DEPOSIT,2025-03-29,ACTIVE
A0000913,C000126,CURRENT,2024-07-22,ACTIVE
A0000914,C000624,DEPOSIT,2023-03-24,ACTIVE
A0000915,C000844,CURRENT,2020-11-16,CLOSED
A0000916,C000775,SAVINGS,2023-06-11,ACTIVE
A0000917,C000188,CURRENT,2022-10-08,ACTIVE
A0000918,C000197,CURRENT,2022-10-21,ACTIVE
A0000919,C000106,DEPOSIT,2022-08-15,ACTIVE
A0000920,C000883,CURRENT,2020-11-20,ACTIVE
A0000921,C000219,CURRENT,2024-05-10,ACTIVE
A0000922,C000033,SAVINGS,2023-03-03,CLOSED
A0000923,C000794,SAVINGS,2023-06-16,ACTIVE
A0000924,C000496,CURRENT,2025-04-04,ACTIVE
A0000925,C000749,CURRENT,2023-04-21,ACTIVE
A0000926,C000860,CURRENT,2022-07-17,ACTIVE
A0000927,C000793,DEPOSIT,2024-06-25,ACTIVE
A0000928,C000365,CURRENT,2021-06-16,ACTIVE
A0000929,C000730,DEPOSIT,2022-01-25,ACTIVE
A0000930,C000744,CURRENT,2024-06-27,ACTIVE
A0000931,C000992,CURRENT,2024-09-25,ACTIVE
A0000932,C000233,DEPOSIT,2026-02-18,ACTIVE
A0000933,C000604,SAVINGS,2020-05-11,ACTIVE
A0000934,C000773,CURRENT,2020-07-30,ACTIVE
A0000935,C000792,DEPOSIT,2020-08-12,ACTIVE
A0000936,C000347,DEPOSIT,2024-12-10,CLOSED
A0000937,C000856,DEPOSIT,2023-11-17,ACTIVE
A0000938,C000687,SAVINGS,2020-11-19,ACTIVE
A0000939,C000262,SAVINGS,2025-12-23,ACTIVE
A0000940,C000920,DEPOSIT,2024-03-05,ACTIVE
A0000941,C000591,DEPOSIT,2024-05-29,CLOSED
A0000942,C000685,CURRENT,2021-11-22,ACTIVE
A0000943,C000087,DEPOSIT,2025-10-09,ACTIVE
A0000944,C000724,CURRENT,2021-03-22,ACTIVE
A0000945,C000169,CURRENT,2024-07-12,ACTIVE
A0000946,C000442,CURRENT,2026-01-10,ACTIVE
A0000947,C000646,DEPOSIT,2023-03-30,ACTIVE
A0000948,C000692,DEPOSIT,2026-03-16,CLOSED
A0000949,C000554,DEPOSIT,2020-04-01,ACTIVE
A0000950,C000169,DEPOSIT,2023-12-03,ACTIVE
A0000951,C000943,DEPOSIT,2023-03-11,CLOSED
A0000952,C000531,DEPOSIT,2025-12-26,ACTIVE
A0000953,C000167,DEPOSIT,2021-05-31,CLOSED
A0000954,C000335,CURRENT,2023-07-19,ACTIVE
A0000955,C000622,DEPOSIT,2022-01-26,ACTIVE
A0000956,C000475,CURRENT,2025-08-08,CLOSED
A0000957,C000856,DEPOSIT,2026-06-03,CLOSED
A0000958,C000847,SAVINGS,2026-06-13,ACTIVE
A0000959,C000342,DEPOSIT,2025-04-09,CLOSED
A0000960,C000814,SAVINGS,2024-11-30,ACTIVE
A0000961,C000955,CURRENT,2024-03-18,ACTIVE
A0000962,C000096,CURRENT,2022-02-13,ACTIVE
A0000963,C000059,CURRENT,2023-06-28,CLOSED
A0000964,C000014,DEPOSIT,2024-10-20,CLOSED
A0000965,C000087,DEPOSIT,2022-04-04,ACTIVE
A0000966,C000572,CURRENT,2025-12-01,ACTIVE
A0000967,C000713,CURRENT,2026-04-24,CLOSED
A0000968,C000297,SAVINGS,2023-04-20,ACTIVE
A0000969,C000802,SAVINGS,2024-05-05,ACTIVE
A0000970,C000363,SAVINGS,2025-05-28,ACTIVE
A0000971,C000044,SAVINGS,2026-05-17,ACTIVE
A0000972,C000347,CURRENT,2020-02-13,CLOSED
A0000973,C000143,SAVINGS,2025-06-14,CLOSED
A0000974,C000846,CURRENT,2026-06-09,ACTIVE
A0000975,C000169,SAVINGS,2022-10-10,ACTIVE
A0000976,C000064,SAVINGS,2023-06-08,CLOSED
A0000977,C000174,CURRENT,2025-08-02,ACTIVE
A0000978,C000116,DEPOSIT,2020-06-17,ACTIVE
A0000979,C000986,SAVINGS,2024-12-31,ACTIVE
A0000980,C000772,CURRENT,2024-07-07,ACTIVE
A0000981,C000629,DEPOSIT,2022-09-17,ACTIVE
A0000982,C000343,SAVINGS,2023-09-12,ACTIVE
A0000983,C000360,SAVINGS,2023-01-15,ACTIVE
A0000984,C000395,CURRENT,2026-06-03,ACTIVE
A0000985,C000197,DEPOSIT,2025-03-07,ACTIVE
A0000986,C000622,DEPOSIT,2024-05-08,CLOSED
A0000987,C000735,CURRENT,2023-10-10,ACTIVE
A0000988,C000361,CURRENT,2024-09-26,ACTIVE
A0000989,C000657,SAVINGS,2021-08-19,CLOSED
A0000990,C000796,DEPOSIT,2023-06-08,CLOSED
A0000991,C000524,SAVINGS,2022-04-28,ACTIVE
A0000992,C000045,DEPOSIT,2022-10-12,ACTIVE
A0000993,C000338,SAVINGS,2023-08-07,ACTIVE
A0000994,C000042,DEPOSIT,2023-02-14,ACTIVE
A0000995,C000631,SAVINGS,2023-12-12,ACTIVE
A0000996,C000602,CURRENT,2020-05-19,ACTIVE
A0000997,C000041,CURRENT,2020-04-13,ACTIVE
A0000998,C000251,CURRENT,2024-12-22,ACTIVE
A0000999,C000310,SAVINGS,2022-06-02,ACTIVE
A0001000,C000370,CURRENT,2025-09-16,ACTIVE
A0001001,C000669,CURRENT,2026-01-11,ACTIVE
A0001002,C000355,SAVINGS,2022-02-06,ACTIVE
A0001003,C000942,DEPOSIT,2025-12-21,ACTIVE
A0001004,C000170,CURRENT,2020-10-03,ACTIVE
A0001005,C000964,CURRENT,2021-11-29,ACTIVE
A0001006,C000191,SAVINGS,2020-03-18,ACTIVE
A0001007,C000752,SAVINGS,2021-07-24,ACTIVE
A0001008,C000041,CURRENT,2021-08-06,ACTIVE
A0001009,C000027,CURRENT,2025-07-13,ACTIVE
A0001010,C000291,SAVINGS,2020-08-12,ACTIVE
A0001011,C000274,SAVINGS,2022-08-21,CLOSED
A0001012,C000292,CURRENT,2021-08-03,ACTIVE
A0001013,C000902,SAVINGS,2021-06-28,ACTIVE
A0001014,C000307,CURRENT,2022-05-23,ACTIVE
A0001015,C000566,SAVINGS,2021-12-10,ACTIVE
A0001016,C000335,SAVINGS,2021-03-26,ACTIVE
A0001017,C000447,SAVINGS,2021-11-19,ACTIVE
A0001018,C000545,SAVINGS,2023-08-21,ACTIVE
A0001019,C000426,SAVINGS,2021-09-05,ACTIVE
A0001020,C000370,CURRENT,2025-05-07,ACTIVE
A0001021,C000076,DEPOSIT,2024-10-05,ACTIVE
A0001022,C000189,SAVINGS,2022-11-11,ACTIVE
A0001023,C000613,CURRENT,2025-07-25,ACTIVE
A0001024,C000743,SAVINGS,2021-08-03,ACTIVE
A0001025,C000749,SAVINGS,2021-05-09,ACTIVE
A0001026,C000802,SAVINGS,2021-01-19,CLOSED
A0001027,C000990,DEPOSIT,2022-08-14,ACTIVE
A0001028,C000311,CURRENT,2020-01-19,ACTIVE
A0001029,C000719,DEPOSIT,2025-10-17,ACTIVE
A0001030,C000646,SAVINGS,2025-07-11,ACTIVE
A0001031,C000795,DEPOSIT,2021-09-23,ACTIVE
A0001032,C000871,SAVINGS,2023-02-06,ACTIVE
A0001033,C000743,SAVINGS,2023-03-07,CLOSED
A0001034,C000609,SAVINGS,2021-07-03,ACTIVE
A0001035,C000730,DEPOSIT,2021-04-21,CLOSED
A0001036,C000339,DEPOSIT,2022-09-23,ACTIVE
A0001037,C000319,CURRENT,2021-05-29,ACTIVE
A0001038,C000302,DEPOSIT,2021-05-28,ACTIVE
A0001039,C000682,DEPOSIT,2024-10-08,ACTIVE
A0001040,C000615,SAVINGS,2024-03-13,ACTIVE
A0001041,C000900,SAVINGS,2022-07-31,ACTIVE
A0001042,C000987,CURRENT,2022-10-19,ACTIVE
A0001043,C000210,DEPOSIT,2026-06-11,ACTIVE
A0001044,C000968,DEPOSIT,2020-02-17,ACTIVE
A0001045,C000371,SAVINGS,2021-12-22,ACTIVE
A0001046,C000182,CURRENT,2022-09-13,CLOSED
A0001047,C000227,DEPOSIT,2020-11-25,ACTIVE
A0001048,C000829,SAVINGS,2022-02-08,ACTIVE
A0001049,C000522,SAVINGS,2020-10-21,ACTIVE
A0001050,C000547,SAVINGS,2020-09-02,ACTIVE
A0001051,C000407,CURRENT,2021-01-17,ACTIVE
A0001052,C000321,SAVINGS,2024-05-03,ACTIVE
A0001053,C000664,SAVINGS,2026-02-25,ACTIVE
A0001054,C000902,DEPOSIT,2024-03-16,ACTIVE
A0001055,C000093,CURRENT,2020-06-19,ACTIVE
A0001056,C000119,SAVINGS,2024-05-19,ACTIVE
A0001057,C000699,DEPOSIT,2022-01-12,ACTIVE
A0001058,C000984,SAVINGS,2025-06-10,ACTIVE
A0001059,C000391,CURRENT,2023-04-16,ACTIVE
A0001060,C000707,SAVINGS,2022-03-29,ACTIVE
A0001061,C000108,SAVINGS,2022-09-05,CLOSED
A0001062,C000369,DEPOSIT,2024-07-06,CLOSED
A0001063,C000695,CURRENT,2022-03-15,ACTIVE
A0001064,C000388,DEPOSIT,2020-02-03,ACTIVE
A0001065,C000808,CURRENT,2024-04-02,ACTIVE
A0001066,C000398,DEPOSIT,2020-06-13,ACTIVE
A0001067,C000312,SAVINGS,2021-03-17,CLOSED
A0001068,C000175,DEPOSIT,2024-05-27,ACTIVE
A0001069,C000004,SAVINGS,2021-03-14,ACTIVE
A0001070,C000134,SAVINGS,2023-04-05,ACTIVE
A0001071,C000590,CURRENT,2024-01-19,ACTIVE
A0001072,C000732,CURRENT,2020-11-28,CLOSED
A0001073,C000991,DEPOSIT,2022-08-12,ACTIVE
A0001074,C000439,DEPOSIT,2020-05-11,ACTIVE
A0001075,C000760,CURRENT,2025-04-29,ACTIVE
A0001076,C000296,CURRENT,2020-05-16,ACTIVE
A0001077,C000658,CURRENT,2023-03-03,ACTIVE
A0001078,C000228,DEPOSIT,2025-01-14,ACTIVE
A0001079,C000907,DEPOSIT,2025-03-04,ACTIVE
A0001080,C000314,DEPOSIT,2026-05-15,ACTIVE
A0001081,C000919,DEPOSIT,2021-12-09,ACTIVE
A0001082,C000010,DEPOSIT,2025-09-17,ACTIVE
A0001083,C000866,SAVINGS,2022-01-06,ACTIVE
A0001084,C000171,CURRENT,2023-06-30,ACTIVE
A0001085,C000290,SAVINGS,2023-03-21,ACTIVE
A0001086,C000033,DEPOSIT,2020-07-11,ACTIVE
A0001087,C000069,CURRENT,2021-05-18,CLOSED
A0001088,C000029,SAVINGS,2025-05-24,ACTIVE
A0001089,C000097,CURRENT,2024-10-13,CLOSED
A0001090,C000101,SAVINGS,2022-08-16,ACTIVE
A0001091,C000163,SAVINGS,2024-12-01,ACTIVE
A0001092,C000175,CURRENT,2024-02-09,ACTIVE
A0001093,C000362,DEPOSIT,2026-03-10,ACTIVE
A0001094,C000735,SAVINGS,2022-03-01,ACTIVE
A0001095,C000128,SAVINGS,2025-03-15,ACTIVE
A0001096,C000729,SAVINGS,2021-11-11,ACTIVE
A0001097,C000322,CURRENT,2022-02-28,ACTIVE
A0001098,C000611,SAVINGS,2024-04-07,ACTIVE
A0001099,C000393,SAVINGS,2024-11-15,CLOSED
A0001100,C000275,SAVINGS,2026-05-14,CLOSED
A0001101,C000170,CURRENT,2021-03-19,ACTIVE
A0001102,C000755,SAVINGS,2024-04-04,ACTIVE
A0001103,C000453,SAVINGS,2022-06-25,ACTIVE
A0001104,C000670,DEPOSIT,2020-11-23,ACTIVE
A0001105,C000657,SAVINGS,2026-06-27,ACTIVE
A0001106,C000524,SAVINGS,2024-11-10,ACTIVE
A0001107,C000815,SAVINGS,2023-04-03,CLOSED
A0001108,C000715,SAVINGS,2020-08-10,CLOSED
A0001109,C000691,CURRENT,2024-01-06,ACTIVE
A0001110,C000577,DEPOSIT,2022-05-03,ACTIVE
A0001111,C000293,SAVINGS,2021-01-06,ACTIVE
A0001112,C000853,DEPOSIT,2020-07-05,ACTIVE
A0001113,C000506,DEPOSIT,2021-02-24,ACTIVE
A0001114,C000466,DEPOSIT,2024-03-20,ACTIVE
A0001115,C000654,SAVINGS,2022-05-10,ACTIVE
A0001116,C000305,CURRENT,2024-04-07,ACTIVE
A0001117,C000784,SAVINGS,2026-06-30,ACTIVE
A0001118,C000743,DEPOSIT,2025-07-23,ACTIVE
A0001119,C000499,SAVINGS,2025-01-18,ACTIVE
A0001120,C000860,CURRENT,2026-05-28,ACTIVE
A0001121,C000974,CURRENT,2022-06-12,CLOSED
A0001122,C000105,SAVINGS,2022-03-06,ACTIVE
A0001123,C000692,SAVINGS,2021-09-23,ACTIVE
A0001124,C000229,DEPOSIT,2020-12-21,ACTIVE
A0001125,C000473,CURRENT,2024-10-07,ACTIVE
A0001126,C000434,SAVINGS,2026-06-07,ACTIVE
A0001127,C000044,DEPOSIT,2021-04-17,ACTIVE
A0001128,C000022,SAVINGS,2021-11-16,ACTIVE
A0001129,C000230,DEPOSIT,2020-05-03,ACTIVE
A0001130,C000092,SAVINGS,2025-11-24,ACTIVE
A0001131,C000419,CURRENT,2022-07-04,ACTIVE
A0001132,C000673,SAVINGS,2024-01-28,ACTIVE
A0001133,C000392,CURRENT,2022-04-11,ACTIVE
A0001134,C000342,DEPOSIT,2025-09-28,ACTIVE
A0001135,C000510,DEPOSIT,2022-04-24,ACTIVE
A0001136,C000026,SAVINGS,2020-01-25,CLOSED
A0001137,C000524,CURRENT,2025-07-01,ACTIVE
A0001138,C000750,CURRENT,2021-06-28,ACTIVE
A0001139,C000274,SAVINGS,2025-01-11,ACTIVE
A0001140,C000571,SAVINGS,2020-09-02,ACTIVE
A0001141,C000229,SAVINGS,2025-09-24,ACTIVE
A0001142,C000569,CURRENT,2021-06-29,ACTIVE
A0001143,C000685,SAVINGS,2025-04-19,ACTIVE
A0001144,C000516,DEPOSIT,2024-09-30,ACTIVE
A0001145,C000288,DEPOSIT,2022-03-11,CLOSED
A0001146,C000920,CURRENT,2024-04-16,ACTIVE
A0001147,C000112,CURRENT,2021-03-20,ACTIVE
A0001148,C000031,CURRENT,2021-04-28,ACTIVE
A0001149,C000063,SAVINGS,2021-08-24,ACTIVE
A0001150,C000817,CURRENT,2025-01-05,ACTIVE
A0001151,C000329,SAVINGS,2021-08-17,CLOSED
A0001152,C000386,CURRENT,2023-08-01,ACTIVE
A0001153,C000192,SAVINGS,2023-11-27,ACTIVE
A0001154,C000369,SAVINGS,2024-03-02,ACTIVE
A0001155,C000381,SAVINGS,2023-11-17,ACTIVE
A0001156,C000511,SAVINGS,2025-08-30,ACTIVE
A0001157,C000548,CURRENT,2020-07-17,ACTIVE
A0001158,C000674,SAVINGS,2020-02-26,ACTIVE
A0001159,C000484,CURRENT,2024-04-24,ACTIVE
A0001160,C000139,DEPOSIT,2022-07-10,ACTIVE
A0001161,C000062,DEPOSIT,2025-10-10,ACTIVE
A0001162,C000720,SAVINGS,2023-12-25,ACTIVE
A0001163,C000142,DEPOSIT,2021-06-24,ACTIVE
A0001164,C000093,DEPOSIT,2023-05-18,ACTIVE
A0001165,C000252,CURRENT,2024-05-29,ACTIVE
A0001166,C000166,CURRENT,2025-12-09,ACTIVE
A0001167,C000335,CURRENT,2020-07-26,ACTIVE
A0001168,C000814,CURRENT,2023-02-21,ACTIVE
A0001169,C000098,CURRENT,2025-04-26,ACTIVE
A0001170,C000634,SAVINGS,2025-05-21,ACTIVE
A0001171,C000304,DEPOSIT,2023-01-25,ACTIVE
A0001172,C000397,DEPOSIT,2023-11-15,ACTIVE
A0001173,C000634,SAVINGS,2024-09-07,ACTIVE
A0001174,C000849,CURRENT,2025-10-25,ACTIVE
A0001175,C000882,SAVINGS,2025-12-08,CLOSED
A0001176,C000074,DEPOSIT,2020-04-02,CLOSED
A0001177,C000488,CURRENT,2022-01-24,ACTIVE
A0001178,C000901,CURRENT,2025-06-01,ACTIVE
A0001179,C000330,CURRENT,2024-09-05,ACTIVE
A0001180,C000659,DEPOSIT,2024-02-06,ACTIVE
A0001181,C000457,DEPOSIT,2022-12-16,ACTIVE
A0001182,C000112,CURRENT,2021-04-22,ACTIVE
A0001183,C000547,DEPOSIT,2021-02-19,ACTIVE
A0001184,C000380,CURRENT,2021-03-08,ACTIVE
A0001185,C000586,SAVINGS,2024-01-10,ACTIVE
A0001186,C000173,DEPOSIT,2024-02-05,CLOSED
A0001187,C000871,CURRENT,2023-04-22,ACTIVE
A0001188,C000469,DEPOSIT,2023-05-31,ACTIVE
A0001189,C000393,CURRENT,2024-11-16,ACTIVE
A0001190,C000615,SAVINGS,2025-05-27,ACTIVE
A0001191,C000755,DEPOSIT,2024-10-11,ACTIVE
A0001192,C000441,DEPOSIT,2024-10-14,ACTIVE
A0001193,C000884,SAVINGS,2023-05-20,ACTIVE
A0001194,C000485,DEPOSIT,2020-08-03,ACTIVE
A0001195,C000720,SAVINGS,2023-09-06,ACTIVE
A0001196,C000662,CURRENT,2026-01-20,ACTIVE
A0001197,C000695,SAVINGS,2020-10-21,CLOSED
A0001198,C000043,DEPOSIT,2021-05-18,ACTIVE
A0001199,C000786,CURRENT,2024-11-08,ACTIVE
A0001200,C000017,CURRENT,2020-08-23,ACTIVE
A0001201,C000118,DEPOSIT,2023-03-22,ACTIVE
A0001202,C000546,CURRENT,2020-02-11,ACTIVE
A0001203,C000991,CURRENT,2022-11-19,ACTIVE
A0001204,C000294,CURRENT,2025-06-28,ACTIVE
A0001205,C000544,DEPOSIT,2023-06-14,CLOSED
A0001206,C000945,DEPOSIT,2020-07-08,ACTIVE
A0001207,C000549,SAVINGS,2021-02-19,ACTIVE
A0001208,C000421,DEPOSIT,2022-11-27,ACTIVE
A0001209,C000574,CURRENT,2021-11-05,CLOSED
A0001210,C000315,DEPOSIT,2022-06-30,ACTIVE
A0001211,C000363,SAVINGS,2025-04-08,CLOSED
A0001212,C000928,DEPOSIT,2025-05-15,CLOSED
A0001213,C000169,CURRENT,2021-04-26,ACTIVE
A0001214,C000971,CURRENT,2024-06-20,CLOSED
A0001215,C000806,CURRENT,2020-06-20,ACTIVE
A0001216,C000092,CURRENT,2022-12-27,ACTIVE
A0001217,C000687,DEPOSIT,2026-01-02,ACTIVE
A0001218,C000791,SAVINGS,2022-02-05,ACTIVE
A0001219,C000634,SAVINGS,2025-08-07,ACTIVE
A0001220,C000414,CURRENT,2025-07-01,ACTIVE
A0001221,C000531,SAVINGS,2023-01-22,ACTIVE
A0001222,C000252,CURRENT,2025-03-20,ACTIVE
A0001223,C000863,DEPOSIT,2023-06-15,ACTIVE
A0001224,C000645,SAVINGS,2024-06-06,ACTIVE
A0001225,C000033,CURRENT,2023-07-22,ACTIVE
A0001226,C000237,CURRENT,2020-11-27,ACTIVE
A0001227,C000624,CURRENT,2022-10-05,ACTIVE
A0001228,C000905,SAVINGS,2025-05-20,ACTIVE
A0001229,C000709,SAVINGS,2024-02-16,CLOSED
A0001230,C000001,DEPOSIT,2022-06-25,ACTIVE
A0001231,C000277,CURRENT,2021-04-29,ACTIVE
A0001232,C000874,SAVINGS,2021-06-13,ACTIVE
A0001233,C000959,SAVINGS,2022-02-16,CLOSED
A0001234,C000091,SAVINGS,2024-03-08,ACTIVE
A0001235,C000075,DEPOSIT,2021-08-06,ACTIVE
A0001236,C000193,SAVINGS,2025-03-02,ACTIVE
A0001237,C000611,DEPOSIT,2022-12-26,ACTIVE
A0001238,C000134,CURRENT,2025-03-05,ACTIVE
A0001239,C000829,DEPOSIT,2022-05-14,ACTIVE
A0001240,C000371,CURRENT,2025-04-14,ACTIVE
A0001241,C000869,SAVINGS,2023-02-23,ACTIVE
A0001242,C000530,SAVINGS,2023-09-05,CLOSED
A0001243,C000462,CURRENT,2025-04-05,ACTIVE
A0001244,C000058,CURRENT,2020-02-18,ACTIVE
A0001245,C000697,SAVINGS,2020-01-19,ACTIVE
A0001246,C000478,DEPOSIT,2020-12-25,ACTIVE
A0001247,C000174,DEPOSIT,2025-07-11,CLOSED
A0001248,C000045,DEPOSIT,2022-01-25,ACTIVE
A0001249,C000871,SAVINGS,2025-04-07,ACTIVE
A0001250,C000268,SAVINGS,2020-05-31,ACTIVE
A0001251,C000721,CURRENT,2022-02-04,ACTIVE
A0001252,C000276,SAVINGS,2020-05-08,ACTIVE
A0001253,C000173,CURRENT,2024-01-29,ACTIVE
A0001254,C000936,SAVINGS,2020-05-09,ACTIVE
A0001255,C000786,CURRENT,2023-04-29,ACTIVE
A0001256,C000475,SAVINGS,2025-02-14,CLOSED
A0001257,C000500,SAVINGS,2023-12-25,ACTIVE
A0001258,C000826,SAVINGS,2026-02-13,ACTIVE
A0001259,C000710,CURRENT,2024-05-01,ACTIVE
A0001260,C000251,CURRENT,2023-04-07,CLOSED
A0001261,C000233,CURRENT,2021-10-21,ACTIVE
A0001262,C000620,CURRENT,2023-09-12,ACTIVE
A0001263,C000432,CURRENT,2024-12-02,ACTIVE
A0001264,C000548,DEPOSIT,2023-04-16,ACTIVE
A0001265,C000273,SAVINGS,2025-10-04,ACTIVE
A0001266,C000627,SAVINGS,2023-10-04,ACTIVE
A0001267,C000115,DEPOSIT,2020-12-30,ACTIVE
A0001268,C000571,DEPOSIT,2024-06-09,ACTIVE
A0001269,C000843,SAVINGS,2023-09-11,ACTIVE
A0001270,C000448,DEPOSIT,2021-10-22,ACTIVE
A0001271,C000469,CURRENT,2023-08-11,CLOSED
A0001272,C000581,SAVINGS,2023-02-16,ACTIVE
A0001273,C000185,SAVINGS,2024-11-21,CLOSED
A0001274,C000879,DEPOSIT,2023-05-22,ACTIVE
A0001275,C000663,DEPOSIT,2025-02-27,ACTIVE
A0001276,C000563,SAVINGS,2022-02-16,ACTIVE
A0001277,C000891,CURRENT,2024-06-01,ACTIVE
A0001278,C000250,SAVINGS,2023-02-27,ACTIVE
A0001279,C000669,SAVINGS,2021-02-20,ACTIVE
A0001280,C000200,CURRENT,2026-05-20,ACTIVE
A0001281,C000076,SAVINGS,2024-01-21,ACTIVE
A0001282,C000612,CURRENT,2024-09-14,ACTIVE
A0001283,C000485,CURRENT,2021-07-01,ACTIVE
A0001284,C000625,DEPOSIT,2022-08-28,CLOSED
A0001285,C000103,DEPOSIT,2025-11-29,ACTIVE
A0001286,C000366,SAVINGS,2021-10-30,ACTIVE
A0001287,C000924,DEPOSIT,2020-07-08,ACTIVE
A0001288,C000358,SAVINGS,2026-03-07,CLOSED
A0001289,C000334,CURRENT,2020-11-06,ACTIVE
A0001290,C000925,DEPOSIT,2021-03-28,ACTIVE
A0001291,C000367,CURRENT,2021-04-03,ACTIVE
A0001292,C000089,DEPOSIT,2021-04-11,ACTIVE
A0001293,C000439,DEPOSIT,2024-05-25,ACTIVE
A0001294,C000781,DEPOSIT,2025-08-08,ACTIVE
A0001295,C000800,DEPOSIT,2022-08-18,ACTIVE
A0001296,C000084,CURRENT,2020-10-08,ACTIVE
A0001297,C000204,SAVINGS,2025-09-06,ACTIVE
A0001298,C000095,CURRENT,2020-05-17,ACTIVE
A0001299,C000542,SAVINGS,2020-09-01,ACTIVE
A0001300,C000609,CURRENT,2023-09-18,ACTIVE
A0001301,C000345,CURRENT,2020-12-26,ACTIVE
A0001302,C000723,DEPOSIT,2023-10-08,ACTIVE
A0001303,C000547,DEPOSIT,2023-07-22,CLOSED
A0001304,C000965,SAVINGS,2020-07-10,ACTIVE
A0001305,C000859,SAVINGS,2024-08-10,ACTIVE
A0001306,C000835,CURRENT,2022-09-23,ACTIVE
A0001307,C000890,DEPOSIT,2026-05-22,CLOSED
A0001308,C000516,CURRENT,2023-10-17,ACTIVE
A0001309,C000825,DEPOSIT,2021-04-02,ACTIVE
A0001310,C000364,DEPOSIT,2022-05-17,CLOSED
A0001311,C000247,DEPOSIT,2024-10-01,ACTIVE
A0001312,C000498,CURRENT,2022-03-26,ACTIVE
A0001313,C000590,DEPOSIT,2025-09-24,ACTIVE
A0001314,C000191,CURRENT,2025-03-13,ACTIVE
A0001315,C000881,SAVINGS,2020-11-30,ACTIVE
A0001316,C000601,SAVINGS,2023-06-24,ACTIVE
A0001317,C000844,DEPOSIT,2022-03-02,CLOSED
A0001318,C000284,CURRENT,2024-12-14,ACTIVE
A0001319,C000348,SAVINGS,2023-03-19,ACTIVE
A0001320,C000723,SAVINGS,2025-06-30,ACTIVE
A0001321,C000300,CURRENT,2021-07-23,ACTIVE
A0001322,C000150,DEPOSIT,2025-02-23,ACTIVE
A0001323,C000195,CURRENT,2020-10-25,ACTIVE
A0001324,C000103,CURRENT,2023-05-01,ACTIVE
A0001325,C000497,CURRENT,2021-04-13,CLOSED
A0001326,C000290,DEPOSIT,2021-11-04,ACTIVE
A0001327,C000696,CURRENT,2021-11-14,ACTIVE
A0001328,C000346,DEPOSIT,2020-02-22,ACTIVE
A0001329,C000966,CURRENT,2022-01-20,ACTIVE
A0001330,C000916,DEPOSIT,2024-07-06,ACTIVE
A0001331,C000197,CURRENT,2023-05-08,ACTIVE
A0001332,C000250,DEPOSIT,2020-12-09,ACTIVE
A0001333,C000257,CURRENT,2020-10-22,ACTIVE
A0001334,C000038,CURRENT,2023-03-23,ACTIVE
A0001335,C000020,SAVINGS,2020-07-18,ACTIVE
A0001336,C000920,CURRENT,2020-11-26,ACTIVE
A0001337,C000090,DEPOSIT,2022-07-04,CLOSED
A0001338,C000884,SAVINGS,2025-07-26,ACTIVE
A0001339,C000168,SAVINGS,2021-05-10,ACTIVE
A0001340,C000937,DEPOSIT,2020-01-08,ACTIVE
A0001341,C000668,SAVINGS,2024-05-24,ACTIVE
A0001342,C000322,CURRENT,2020-07-09,ACTIVE
A0001343,C000108,CURRENT,2021-12-23,CLOSED
A0001344,C000366,DEPOSIT,2021-02-27,ACTIVE
A0001345,C000033,DEPOSIT,2025-11-22,ACTIVE
A0001346,C000274,DEPOSIT,2025-12-26,ACTIVE
A0001347,C000797,CURRENT,2022-10-01,ACTIVE
A0001348,C000805,DEPOSIT,2024-06-22,ACTIVE
A0001349,C000772,DEPOSIT,2023-11-11,ACTIVE
A0001350,C000790,CURRENT,2020-05-04,ACTIVE
A0001351,C000293,SAVINGS,2021-09-03,ACTIVE
A0001352,C000035,DEPOSIT,2022-04-14,ACTIVE
A0001353,C000592,CURRENT,2026-02-26,ACTIVE
A0001354,C000433,SAVINGS,2026-06-12,ACTIVE
A0001355,C000687,SAVINGS,2021-03-14,ACTIVE
A0001356,C000269,CURRENT,2020-11-18,ACTIVE
A0001357,C000373,DEPOSIT,2022-08-25,ACTIVE
A0001358,C000197,CURRENT,2025-01-16,ACTIVE
A0001359,C000597,DEPOSIT,2022-05-26,ACTIVE
A0001360,C000431,SAVINGS,2022-03-10,CLOSED
A0001361,C000829,SAVINGS,2021-03-08,ACTIVE
A0001362,C000853,CURRENT,2024-11-01,ACTIVE
A0001363,C000967,CURRENT,2020-02-27,ACTIVE
A0001364,C000242,CURRENT,2021-08-12,ACTIVE
A0001365,C000318,CURRENT,2021-02-13,CLOSED
A0001366,C000069,DEPOSIT,2021-07-11,ACTIVE
A0001367,C000873,SAVINGS,2022-01-10,ACTIVE
A0001368,C000967,DEPOSIT,2023-05-11,ACTIVE
A0001369,C000811,DEPOSIT,2022-03-03,ACTIVE
A0001370,C000942,SAVINGS,2025-08-15,ACTIVE
A0001371,C000535,SAVINGS,2022-10-02,ACTIVE
A0001372,C000676,CURRENT,2025-04-17,ACTIVE
A0001373,C000584,CURRENT,2022-07-20,ACTIVE
A0001374,C000244,SAVINGS,2023-03-07,ACTIVE
A0001375,C000884,SAVINGS,2020-10-23,ACTIVE
A0001376,C000229,DEPOSIT,2023-09-11,ACTIVE
A0001377,C000899,CURRENT,2023-04-02,ACTIVE
A0001378,C000471,DEPOSIT,2023-05-04,ACTIVE
A0001379,C000528,CURRENT,2020-09-06,ACTIVE
A0001380,C000651,CURRENT,2023-03-03,ACTIVE
A0001381,C000389,SAVINGS,2026-04-05,ACTIVE
A0001382,C000214,CURRENT,2025-04-03,ACTIVE
A0001383,C000502,CURRENT,2023-03-04,ACTIVE
A0001384,C000032,CURRENT,2026-04-05,ACTIVE
A0001385,C000226,DEPOSIT,2022-10-14,ACTIVE
A0001386,C000740,DEPOSIT,2023-09-26,ACTIVE
A0001387,C000216,CURRENT,2024-10-19,ACTIVE
A0001388,C000305,CURRENT,2024-03-26,ACTIVE
A0001389,C000158,DEPOSIT,2020-01-17,ACTIVE
A0001390,C000909,CURRENT,2023-10-15,ACTIVE
A0001391,C000064,DEPOSIT,2020-01-28,ACTIVE
A0001392,C000416,DEPOSIT,2023-03-25,ACTIVE
A0001393,C000423,SAVINGS,2024-04-11,ACTIVE
A0001394,C000625,CURRENT,2024-11-03,CLOSED
A0001395,C000344,SAVINGS,2023-04-20,ACTIVE
A0001396,C000256,DEPOSIT,2022-01-23,ACTIVE
A0001397,C000120,CURRENT,2025-06-18,ACTIVE
A0001398,C000688,SAVINGS,2021-01-06,ACTIVE
A0001399,C000291,DEPOSIT,2023-06-11,ACTIVE
A0001400,C000693,CURRENT,2025-10-07,CLOSED
A0001401,C000902,CURRENT,2024-03-22,ACTIVE
A0001402,C000680,SAVINGS,2026-03-11,ACTIVE
A0001403,C000439,DEPOSIT,2025-01-13,ACTIVE
A0001404,C000303,SAVINGS,2025-01-09,ACTIVE
A0001405,C000630,CURRENT,2022-08-06,ACTIVE
A0001406,C000465,DEPOSIT,2023-10-22,ACTIVE
A0001407,C000285,SAVINGS,2021-05-04,ACTIVE
A0001408,C000349,DEPOSIT,2022-12-31,ACTIVE
A0001409,C000524,DEPOSIT,2020-04-26,CLOSED
A0001410,C000611,CURRENT,2021-09-17,ACTIVE
A0001411,C000039,DEPOSIT,2024-01-16,ACTIVE
A0001412,C000029,CURRENT,2022-10-30,ACTIVE
A0001413,C000662,CURRENT,2020-04-24,ACTIVE
A0001414,C000589,CURRENT,2020-06-21,CLOSED
A0001415,C000346,DEPOSIT,2025-02-13,ACTIVE
A0001416,C000174,DEPOSIT,2024-03-12,ACTIVE
A0001417,C000034,SAVINGS,2023-05-26,ACTIVE
A0001418,C000997,CURRENT,2020-10-08,ACTIVE
A0001419,C000593,DEPOSIT,2026-06-15,ACTIVE
A0001420,C000869,DEPOSIT,2024-08-24,ACTIVE
A0001421,C000650,DEPOSIT,2026-03-12,ACTIVE
A0001422,C000621,CURRENT,2023-10-17,ACTIVE
A0001423,C000533,DEPOSIT,2022-02-05,ACTIVE
A0001424,C000459,CURRENT,2025-08-21,ACTIVE
A0001425,C000608,DEPOSIT,2021-10-30,ACTIVE
A0001426,C000415,DEPOSIT,2025-05-14,ACTIVE
A0001427,C000085,CURRENT,2024-01-29,CLOSED
A0001428,C000214,DEPOSIT,2024-10-05,ACTIVE
A0001429,C000331,SAVINGS,2020-10-13,ACTIVE
A0001430,C000394,DEPOSIT,2024-06-15,ACTIVE
A0001431,C000658,SAVINGS,2022-12-21,CLOSED
A0001432,C000752,DEPOSIT,2025-06-30,ACTIVE
A0001433,C000759,DEPOSIT,2021-08-29,ACTIVE
A0001434,C000648,DEPOSIT,2026-03-07,ACTIVE
A0001435,C000881,SAVINGS,2026-01-13,ACTIVE
A0001436,C000304,DEPOSIT,2025-02-17,ACTIVE
A0001437,C000688,CURRENT,2022-01-21,CLOSED
A0001438,C000179,DEPOSIT,2022-07-26,ACTIVE
A0001439,C000719,DEPOSIT,2025-10-28,CLOSED
A0001440,C000487,SAVINGS,2021-10-11,CLOSED
A0001441,C000679,SAVINGS,2021-08-30,CLOSED
A0001442,C000477,CURRENT,2022-01-19,ACTIVE
A0001443,C000770,CURRENT,2023-12-05,ACTIVE
A0001444,C000057,CURRENT,2021-03-18,ACTIVE
A0001445,C000940,CURRENT,2020-11-26,ACTIVE
A0001446,C000668,DEPOSIT,2022-06-16,CLOSED
A0001447,C000502,CURRENT,2020-03-08,ACTIVE
A0001448,C000556,CURRENT,2025-11-12,ACTIVE
A0001449,C000187,SAVINGS,2026-02-17,ACTIVE
A0001450,C000107,DEPOSIT,2020-06-06,ACTIVE
A0001451,C000920,CURRENT,2021-05-05,ACTIVE
A0001452,C000448,SAVINGS,2020-07-20,ACTIVE
A0001453,C000664,DEPOSIT,2026-06-02,ACTIVE
A0001454,C000353,SAVINGS,2023-03-21,CLOSED
A0001455,C000116,CURRENT,2021-07-29,ACTIVE
A0001456,C000366,SAVINGS,2025-08-22,ACTIVE
A0001457,C000296,SAVINGS,2021-11-12,ACTIVE
A0001458,C000561,DEPOSIT,2020-02-14,ACTIVE
A0001459,C000753,SAVINGS,2025-03-27,ACTIVE
A0001460,C000907,SAVINGS,2020-01-08,ACTIVE
A0001461,C000151,CURRENT,2023-05-12,ACTIVE
A0001462,C000664,DEPOSIT,2024-05-11,CLOSED
A0001463,C000159,DEPOSIT,2024-08-18,ACTIVE
A0001464,C000108,CURRENT,2024-09-01,ACTIVE
A0001465,C000558,CURRENT,2023-10-02,ACTIVE
A0001466,C000812,CURRENT,2022-01-31,ACTIVE
A0001467,C000324,CURRENT,2023-07-13,ACTIVE
A0001468,C000220,DEPOSIT,2021-08-06,ACTIVE
A0001469,C000054,SAVINGS,2020-09-24,ACTIVE
A0001470,C000287,SAVINGS,2022-08-16,ACTIVE
A0001471,C000022,CURRENT,2021-07-25,ACTIVE
A0001472,C000324,CURRENT,2021-10-09,ACTIVE
A0001473,C000018,DEPOSIT,2025-08-27,CLOSED
A0001474,C000010,CURRENT,2020-03-07,ACTIVE
A0001475,C000989,CURRENT,2024-03-08,ACTIVE
A0001476,C000149,SAVINGS,2024-06-18,ACTIVE
A0001477,C000392,CURRENT,2024-08-24,ACTIVE
A0001478,C000768,DEPOSIT,2024-02-18,ACTIVE
A0001479,C000322,DEPOSIT,2021-06-21,ACTIVE
A0001480,C000393,SAVINGS,2021-06-02,ACTIVE
A0001481,C000973,CURRENT,2026-05-29,ACTIVE
A0001482,C000478,SAVINGS,2020-12-06,ACTIVE
A0001483,C000438,SAVINGS,2020-02-05,ACTIVE
A0001484,C000365,CURRENT,2025-12-22,ACTIVE
A0001485,C000040,SAVINGS,2025-06-05,ACTIVE
A0001486,C000867,CURRENT,2025-07-02,ACTIVE
A0001487,C000519,DEPOSIT,2024-02-07,ACTIVE
A0001488,C000643,DEPOSIT,2024-09-11,ACTIVE
A0001489,C000616,DEPOSIT,2024-06-23,ACTIVE
A0001490,C000773,CURRENT,2023-05-18,ACTIVE
A0001491,C000636,SAVINGS,2023-01-25,ACTIVE
A0001492,C000724,DEPOSIT,2026-05-29,ACTIVE
A0001493,C000990,CURRENT,2022-02-05,ACTIVE
A0001494,C000989,SAVINGS,2025-01-15,ACTIVE
A0001495,C000848,SAVINGS,2020-10-13,CLOSED
A0001496,C000956,SAVINGS,2025-09-13,ACTIVE
A0001497,C000041,SAVINGS,2022-03-01,CLOSED
A0001498,C000775,DEPOSIT,2024-09-28,ACTIVE
A0001499,C000465,DEPOSIT,2026-04-22,ACTIVE
A0001500,C000462,SAVINGS,2025-06-09,ACTIVE
A0001501,C000673,DEPOSIT,2022-07-27,ACTIVE
A0001502,C000795,CURRENT,2023-11-15,ACTIVE
A0001503,C000608,DEPOSIT,2020-10-21,ACTIVE
A0001504,C000233,DEPOSIT,2021-08-12,ACTIVE
A0001505,C000237,CURRENT,2022-01-23,ACTIVE
A0001506,C000194,CURRENT,2023-12-30,CLOSED
A0001507,C000240,CURRENT,2021-04-13,CLOSED
A0001508,C000599,CURRENT,2021-06-23,ACTIVE
A0001509,C000703,SAVINGS,2020-12-07,CLOSED
A0001510,C000710,DEPOSIT,2024-04-25,ACTIVE
A0001511,C000179,DEPOSIT,2026-05-29,ACTIVE
A0001512,C000639,CURRENT,2020-04-09,CLOSED
A0001513,C000309,CURRENT,2022-10-07,ACTIVE
A0001514,C000873,DEPOSIT,2024-04-20,ACTIVE
A0001515,C000421,SAVINGS,2020-03-03,CLOSED
A0001516,C000041,SAVINGS,2022-06-19,ACTIVE
A0001517,C000204,CURRENT,2026-05-02,ACTIVE
A0001518,C000515,DEPOSIT,2024-06-26,ACTIVE
A0001519,C000234,DEPOSIT,2023-05-17,ACTIVE
A0001520,C000599,SAVINGS,2025-09-23,ACTIVE
A0001521,C000193,DEPOSIT,2025-01-26,ACTIVE
A0001522,C000209,SAVINGS,2025-04-02,ACTIVE
A0001523,C000201,DEPOSIT,2020-01-11,CLOSED
A0001524,C000828,CURRENT,2024-11-05,CLOSED
A0001525,C000383,CURRENT,2020-05-28,ACTIVE
A0001526,C000070,CURRENT,2021-05-24,ACTIVE
A0001527,C000637,CURRENT,2022-01-30,ACTIVE
A0001528,C000178,SAVINGS,2021-03-20,ACTIVE
A0001529,C000663,DEPOSIT,2020-08-15,ACTIVE
A0001530,C000526,CURRENT,2024-03-21,ACTIVE
A0001531,C000463,SAVINGS,2022-07-25,ACTIVE
A0001532,C000531,DEPOSIT,2022-11-28,CLOSED
A0001533,C000325,CURRENT,2021-06-24,ACTIVE
A0001534,C000787,CURRENT,2025-04-21,ACTIVE
A0001535,C000873,DEPOSIT,2024-03-17,ACTIVE
A0001536,C000976,SAVINGS,2023-10-04,ACTIVE
A0001537,C000237,SAVINGS,2025-06-07,ACTIVE
A0001538,C000607,SAVINGS,2021-10-27,ACTIVE
A0001539,C000419,SAVINGS,2023-08-18,ACTIVE
A0001540,C000494,DEPOSIT,2022-06-09,CLOSED
A0001541,C000395,CURRENT,2021-05-10,ACTIVE
A0001542,C000324,CURRENT,2020-09-02,ACTIVE
A0001543,C000809,DEPOSIT,2021-06-07,ACTIVE
A0001544,C000629,DEPOSIT,2023-04-25,ACTIVE
A0001545,C000313,CURRENT,2026-02-07,ACTIVE
A0001546,C000641,DEPOSIT,2025-08-12,ACTIVE
A0001547,C000635,CURRENT,2024-02-21,CLOSED
A0001548,C000690,DEPOSIT,2022-03-12,CLOSED
A0001549,C000202,DEPOSIT,2024-03-31,CLOSED
A0001550,C000626,DEPOSIT,2025-08-27,ACTIVE
A0001551,C000746,SAVINGS,2024-09-04,ACTIVE
A0001552,C000300,DEPOSIT,2021-08-29,ACTIVE
A0001553,C000899,CURRENT,2025-08-01,ACTIVE
A0001554,C000001,DEPOSIT,2023-01-17,ACTIVE
A0001555,C000712,DEPOSIT,2023-02-27,ACTIVE
A0001556,C000157,DEPOSIT,2020-03-26,ACTIVE
A0001557,C000752,DEPOSIT,2025-03-23,ACTIVE
A0001558,C000111,SAVINGS,2025-05-25,ACTIVE
A0001559,C000719,SAVINGS,2026-04-12,ACTIVE
A0001560,C000970,CURRENT,2026-04-23,ACTIVE
A0001561,C000373,CURRENT,2024-11-28,CLOSED
A0001562,C000726,CURRENT,2025-06-07,CLOSED
A0001563,C000910,DEPOSIT,2024-10-31,ACTIVE
A0001564,C000408,SAVINGS,2021-08-09,CLOSED
A0001565,C000526,SAVINGS,2022-06-18,CLOSED
A0001566,C000937,SAVINGS,2022-02-21,ACTIVE
A0001567,C000242,SAVINGS,2023-02-02,ACTIVE
A0001568,C000239,DEPOSIT,2023-12-28,ACTIVE
A0001569,C000645,CURRENT,2026-04-09,ACTIVE
A0001570,C000834,CURRENT,2026-04-07,ACTIVE
A0001571,C000387,SAVINGS,2025-11-19,ACTIVE
A0001572,C000971,DEPOSIT,2020-12-21,ACTIVE
A0001573,C000978,CURRENT,2022-04-28,ACTIVE
A0001574,C000321,CURRENT,2025-02-21,ACTIVE
A0001575,C000640,SAVINGS,2020-06-26,ACTIVE
A0001576,C000162,CURRENT,2020-06-13,ACTIVE
A0001577,C000125,DEPOSIT,2020-05-27,ACTIVE
A0001578,C000958,CURRENT,2025-10-19,ACTIVE
A0001579,C000296,DEPOSIT,2023-12-07,ACTIVE
A0001580,C000236,CURRENT,2026-05-20,ACTIVE
A0001581,C000302,CURRENT,2025-12-10,ACTIVE
A0001582,C000713,SAVINGS,2026-02-06,ACTIVE
A0001583,C000822,CURRENT,2025-10-07,ACTIVE
A0001584,C000575,CURRENT,2021-01-04,ACTIVE
A0001585,C000622,SAVINGS,2022-11-16,ACTIVE
A0001586,C000535,CURRENT,2023-03-25,ACTIVE
A0001587,C000968,CURRENT,2026-01-06,ACTIVE
A0001588,C000861,CURRENT,2021-08-22,ACTIVE
A0001589,C000817,SAVINGS,2026-06-05,CLOSED
A0001590,C000899,DEPOSIT,2021-02-20,ACTIVE
A0001591,C000561,DEPOSIT,2023-05-21,ACTIVE
A0001592,C000953,CURRENT,2025-10-31,ACTIVE
A0001593,C000123,CURRENT,2023-07-20,ACTIVE
A0001594,C000866,CURRENT,2025-06-12,ACTIVE
A0001595,C000472,CURRENT,2026-05-20,ACTIVE
A0001596,C000992,SAVINGS,2024-05-15,ACTIVE
A0001597,C000966,DEPOSIT,2023-06-03,ACTIVE
A0001598,C000769,SAVINGS,2020-10-11,ACTIVE
A0001599,C000996,DEPOSIT,2024-06-30,ACTIVE
A0001600,C000101,CURRENT,2023-04-27,ACTIVE
A0001601,C000283,CURRENT,2024-05-19,ACTIVE
A0001602,C000307,DEPOSIT,2021-03-13,CLOSED
A0001603,C000201,DEPOSIT,2022-12-12,CLOSED
A0001604,C000074,CURRENT,2021-12-08,ACTIVE
A0001605,C000401,CURRENT,2021-10-04,ACTIVE
A0001606,C000672,DEPOSIT,2024-11-19,ACTIVE
A0001607,C000233,CURRENT,2022-11-25,ACTIVE
A0001608,C000370,SAVINGS,2022-09-11,CLOSED
A0001609,C000922,SAVINGS,2021-07-06,ACTIVE
A0001610,C000206,CURRENT,2020-11-15,ACTIVE
A0001611,C000303,DEPOSIT,2020-02-16,ACTIVE
A0001612,C000454,DEPOSIT,2021-11-24,ACTIVE
A0001613,C000194,CURRENT,2021-11-10,CLOSED
A0001614,C000147,SAVINGS,2020-02-11,ACTIVE
A0001615,C000728,SAVINGS,2020-04-01,ACTIVE
A0001616,C000897,CURRENT,2020-07-13,ACTIVE
A0001617,C000657,DEPOSIT,2024-11-12,ACTIVE
A0001618,C000724,DEPOSIT,2025-01-17,ACTIVE
A0001619,C000648,SAVINGS,2025-07-21,ACTIVE
A0001620,C000266,DEPOSIT,2022-08-02,ACTIVE
A0001621,C000064,SAVINGS,2025-04-08,ACTIVE
A0001622,C000092,CURRENT,2024-12-30,ACTIVE
A0001623,C000064,DEPOSIT,2025-05-16,ACTIVE
A0001624,C000247,CURRENT,2022-12-02,ACTIVE
A0001625,C000241,DEPOSIT,2020-09-14,CLOSED
A0001626,C000769,DEPOSIT,2023-04-08,ACTIVE
A0001627,C000656,SAVINGS,2023-03-24,ACTIVE
A0001628,C000802,SAVINGS,2025-03-28,ACTIVE
A0001629,C000814,SAVINGS,2022-12-20,ACTIVE
A0001630,C000135,CURRENT,2024-09-30,CLOSED
A0001631,C000065,SAVINGS,2024-01-20,ACTIVE
A0001632,C000959,CURRENT,2021-08-15,ACTIVE
A0001633,C000836,SAVINGS,2024-11-12,ACTIVE
A0001634,C000104,CURRENT,2022-03-24,ACTIVE
A0001635,C000804,DEPOSIT,2020-06-03,CLOSED
A0001636,C000075,DEPOSIT,2021-01-24,ACTIVE
A0001637,C000914,DEPOSIT,2021-10-27,ACTIVE
A0001638,C000575,DEPOSIT,2020-01-18,ACTIVE
A0001639,C000553,DEPOSIT,2024-02-20,ACTIVE
A0001640,C000671,SAVINGS,2021-11-01,ACTIVE
A0001641,C000933,SAVINGS,2022-03-24,CLOSED
A0001642,C000626,CURRENT,2022-10-29,ACTIVE
A0001643,C000760,SAVINGS,2022-09-25,ACTIVE
A0001644,C000928,SAVINGS,2022-03-04,CLOSED
A0001645,C000245,CURRENT,2026-02-21,CLOSED
A0001646,C000432,CURRENT,2020-03-15,ACTIVE
A0001647,C000252,CURRENT,2023-02-01,ACTIVE
A0001648,C000115,DEPOSIT,2021-12-15,CLOSED
A0001649,C000514,CURRENT,2023-10-27,ACTIVE
A0001650,C000384,CURRENT,2024-05-12,ACTIVE
A0001651,C000878,CURRENT,2021-12-03,ACTIVE
A0001652,C000449,SAVINGS,2020-08-17,ACTIVE
A0001653,C000796,SAVINGS,2020-06-09,ACTIVE
A0001654,C000623,CURRENT,2025-05-12,ACTIVE
A0001655,C000947,CURRENT,2026-02-17,ACTIVE
A0001656,C000426,SAVINGS,2020-09-25,ACTIVE
A0001657,C000018,SAVINGS,2023-08-12,ACTIVE
A0001658,C000757,CURRENT,2023-08-17,ACTIVE
A0001659,C000622,CURRENT,2020-01-13,ACTIVE
A0001660,C000707,DEPOSIT,2020-12-25,ACTIVE
A0001661,C000133,CURRENT,2024-07-03,ACTIVE
A0001662,C000524,CURRENT,2021-04-01,CLOSED
A0001663,C000894,DEPOSIT,2022-02-19,ACTIVE
A0001664,C000574,SAVINGS,2022-03-30,ACTIVE
A0001665,C000097,DEPOSIT,2026-01-07,ACTIVE
A0001666,C000617,SAVINGS,2022-04-04,ACTIVE
A0001667,C000121,SAVINGS,2023-06-26,CLOSED
A0001668,C000977,SAVINGS,2020-11-25,ACTIVE
A0001669,C000570,SAVINGS,2021-09-13,ACTIVE
A0001670,C000033,DEPOSIT,2022-04-23,ACTIVE
A0001671,C000141,DEPOSIT,2021-11-29,CLOSED
A0001672,C000988,CURRENT,2024-02-01,ACTIVE
A0001673,C000498,CURRENT,2023-10-13,ACTIVE
A0001674,C000741,DEPOSIT,2021-03-20,ACTIVE
A0001675,C000776,CURRENT,2026-06-01,ACTIVE
A0001676,C000785,SAVINGS,2024-08-23,ACTIVE
A0001677,C000074,SAVINGS,2021-04-25,ACTIVE
A0001678,C000330,DEPOSIT,2026-01-30,ACTIVE
A0001679,C000007,CURRENT,2023-03-24,ACTIVE
A0001680,C000781,DEPOSIT,2025-12-12,ACTIVE
A0001681,C000991,CURRENT,2022-11-17,ACTIVE
A0001682,C000126,CURRENT,2024-04-13,ACTIVE
A0001683,C000625,CURRENT,2025-01-07,ACTIVE
A0001684,C000418,DEPOSIT,2021-05-24,ACTIVE
A0001685,C000644,CURRENT,2022-08-22,ACTIVE
A0001686,C000807,SAVINGS,2021-11-18,ACTIVE
A0001687,C000170,CURRENT,2024-10-19,ACTIVE
A0001688,C000594,CURRENT,2022-06-27,CLOSED
A0001689,C000048,DEPOSIT,2023-10-15,ACTIVE
A0001690,C000988,CURRENT,2025-06-09,ACTIVE
A0001691,C000233,SAVINGS,2026-04-02,ACTIVE
A0001692,C000492,SAVINGS,2020-03-17,ACTIVE
A0001693,C000845,SAVINGS,2026-04-08,CLOSED
A0001694,C000225,DEPOSIT,2022-02-04,ACTIVE
A0001695,C000806,CURRENT,2020-04-20,ACTIVE
A0001696,C000211,CURRENT,2021-01-06,ACTIVE
A0001697,C000061,CURRENT,2024-02-23,ACTIVE
A0001698,C000574,CURRENT,2022-04-17,ACTIVE
A0001699,C000945,SAVINGS,2020-03-22,ACTIVE
A0001700,C000469,DEPOSIT,2022-04-16,ACTIVE
A0001701,C000471,SAVINGS,2025-01-04,ACTIVE
A0001702,C000257,DEPOSIT,2021-03-14,ACTIVE
A0001703,C000073,SAVINGS,2021-05-16,ACTIVE
A0001704,C000750,SAVINGS,2022-10-29,ACTIVE
A0001705,C000703,SAVINGS,2020-04-15,ACTIVE
A0001706,C000172,SAVINGS,2025-11-29,ACTIVE
A0001707,C000991,SAVINGS,2021-09-16,CLOSED
A0001708,C000250,DEPOSIT,2026-03-06,ACTIVE
A0001709,C000384,SAVINGS,2026-01-01,ACTIVE
A0001710,C000913,DEPOSIT,2026-03-22,ACTIVE
A0001711,C000211,SAVINGS,2025-10-03,ACTIVE
A0001712,C000099,CURRENT,2022-08-09,ACTIVE
A0001713,C000602,DEPOSIT,2022-01-28,ACTIVE
A0001714,C000349,DEPOSIT,2023-01-21,ACTIVE
A0001715,C000977,CURRENT,2020-12-03,ACTIVE
A0001716,C000150,DEPOSIT,2024-12-11,ACTIVE
A0001717,C000927,SAVINGS,2022-10-21,ACTIVE
A0001718,C000580,CURRENT,2025-02-20,ACTIVE
A0001719,C000923,CURRENT,2020-04-10,ACTIVE
A0001720,C000207,SAVINGS,2025-05-28,ACTIVE
A0001721,C000059,CURRENT,2022-02-11,ACTIVE
A0001722,C000473,DEPOSIT,2023-11-01,ACTIVE
A0001723,C000324,SAVINGS,2024-02-20,ACTIVE
A0001724,C000028,SAVINGS,2020-02-13,ACTIVE
A0001725,C000118,CURRENT,2021-03-27,ACTIVE
A0001726,C000812,DEPOSIT,2021-12-08,CLOSED
A0001727,C000148,SAVINGS,2022-08-31,CLOSED
A0001728,C000271,CURRENT,2022-07-09,ACTIVE
A0001729,C000473,CURRENT,2020-01-12,ACTIVE
A0001730,C000731,CURRENT,2021-06-15,ACTIVE
A0001731,C000167,SAVINGS,2022-12-13,ACTIVE
A0001732,C000561,CURRENT,2026-01-14,ACTIVE
A0001733,C000812,DEPOSIT,2025-03-30,CLOSED
A0001734,C000402,DEPOSIT,2021-04-13,ACTIVE
A0001735,C000960,SAVINGS,2023-04-13,ACTIVE
A0001736,C000794,DEPOSIT,2022-08-03,ACTIVE
A0001737,C000974,DEPOSIT,2025-01-23,ACTIVE
A0001738,C000228,DEPOSIT,2023-12-13,ACTIVE
A0001739,C000634,DEPOSIT,2024-09-08,ACTIVE
A0001740,C000758,SAVINGS,2024-06-14,ACTIVE
A0001741,C000103,SAVINGS,2025-03-05,ACTIVE
A0001742,C000155,SAVINGS,2022-05-25,ACTIVE
A0001743,C000864,SAVINGS,2023-06-19,ACTIVE
A0001744,C000270,CURRENT,2024-06-06,ACTIVE
A0001745,C000700,SAVINGS,2025-03-20,ACTIVE
A0001746,C000607,CURRENT,2023-10-09,ACTIVE
A0001747,C000156,DEPOSIT,2021-03-26,ACTIVE
A0001748,C000491,SAVINGS,2024-09-23,ACTIVE
A0001749,C000192,DEPOSIT,2024-08-10,ACTIVE
A0001750,C000839,DEPOSIT,2023-01-27,ACTIVE
A0001751,C000389,CURRENT,2025-03-20,CLOSED
A0001752,C000848,DEPOSIT,2024-03-12,ACTIVE
A0001753,C000792,CURRENT,2023-11-09,ACTIVE
A0001754,C000997,DEPOSIT,2023-03-14,ACTIVE
A0001755,C000893,CURRENT,2026-04-30,CLOSED
A0001756,C000580,CURRENT,2026-06-10,ACTIVE
A0001757,C000351,SAVINGS,2025-09-01,ACTIVE
A0001758,C000072,DEPOSIT,2021-03-04,CLOSED
A0001759,C000377,DEPOSIT,2023-02-06,ACTIVE
A0001760,C000508,DEPOSIT,2020-02-11,CLOSED
A0001761,C000776,DEPOSIT,2021-09-09,ACTIVE
A0001762,C000447,DEPOSIT,2025-08-30,CLOSED
A0001763,C000125,CURRENT,2021-08-17,ACTIVE
A0001764,C000285,CURRENT,2021-09-18,CLOSED
A0001765,C000583,CURRENT,2020-12-08,ACTIVE
A0001766,C000202,DEPOSIT,2020-12-10,CLOSED
A0001767,C000450,CURRENT,2022-01-20,ACTIVE
A0001768,C000480,CURRENT,2024-03-25,ACTIVE
A0001769,C000747,DEPOSIT,2022-01-14,ACTIVE
A0001770,C000497,DEPOSIT,2024-01-11,ACTIVE
A0001771,C000476,DEPOSIT,2022-01-08,ACTIVE
A0001772,C000382,SAVINGS,2022-03-25,ACTIVE
A0001773,C000486,DEPOSIT,2022-03-30,ACTIVE
A0001774,C000259,CURRENT,2023-03-12,ACTIVE
A0001775,C000077,DEPOSIT,2024-03-09,ACTIVE
A0001776,C000677,SAVINGS,2023-12-13,CLOSED
A0001777,C000443,CURRENT,2024-04-15,CLOSED
A0001778,C000162,CURRENT,2022-07-12,ACTIVE
A0001779,C000897,SAVINGS,2024-09-14,ACTIVE
A0001780,C000808,CURRENT,2025-11-30,ACTIVE
A0001781,C000003,SAVINGS,2020-12-24,ACTIVE
A0001782,C000117,SAVINGS,2024-05-18,ACTIVE
A0001783,C000300,DEPOSIT,2021-09-08,ACTIVE
A0001784,C000207,DEPOSIT,2024-11-05,ACTIVE
A0001785,C000791,SAVINGS,2025-09-22,CLOSED
A0001786,C000783,CURRENT,2020-02-14,ACTIVE
A0001787,C000391,SAVINGS,2021-08-09,ACTIVE
A0001788,C000648,DEPOSIT,2023-02-12,ACTIVE
A0001789,C000219,CURRENT,2025-02-11,ACTIVE
A0001790,C000372,CURRENT,2024-08-29,ACTIVE
A0001791,C000067,DEPOSIT,2025-02-13,ACTIVE
A0001792,C000915,DEPOSIT,2022-10-09,ACTIVE
A0001793,C000799,DEPOSIT,2025-10-04,ACTIVE
A0001794,C000654,SAVINGS,2021-09-19,ACTIVE
A0001795,C000195,CURRENT,2020-10-20,ACTIVE
A0001796,C000811,CURRENT,2021-06-19,ACTIVE
A0001797,C000711,SAVINGS,2020-01-09,ACTIVE
A0001798,C000187,SAVINGS,2022-09-28,ACTIVE
A0001799,C000673,CURRENT,2023-09-13,CLOSED
A0001800,C000661,SAVINGS,2022-09-01,ACTIVE
