customer_id,customer_name,city,registration_date
C000001,Farah Permata,JAKARTA,2023-02-25
C000002,Dimas Wijaya,jakarta,2021-04-14
C000003,Alya Pratama,jakarta,2021-05-08
C000004,Indra Pratama,JAKARTA,2019-12-08
C000005,Alya Lestari, Jakarta ,2019-05-08
C000006,Indra Lestari,jakarta,2019-01-26
C000007,Dimas Wijaya,jakarta,2022-09-24
C000008,Jihan Wijaya,JAKARTA,2020-09-04
C000009,Eka Putri,jakarta,2024-09-10
C000010,Indra Lestari, Jakarta ,2019-08-25
C000011, Eka Saputra ,Yogyakarta,2020-12-12
C000012, Hana Salsabila ,Semarang,2019-11-04
C000013, Gilang Permata ,Bandung,2025-11-07
C000014, Jihan Nugraha ,Yogyakarta,2021-09-13
C000015, Jihan Wijaya ,Bandung,2019-11-30
C000016,Dimas Putri,Semarang,2024-12-28
C000017,Hana Nugraha,Surabaya,2019-04-29
C000018,Jihan Nugraha,Semarang,2022-03-07
C000019,Jihan Permata,Jakarta,2025-08-26
C000020,Hana Pratama,Yogyakarta,2021-11-25
C000021,Gilang Wijaya,Jakarta,2025-04-07
C000022,Indra Pratama,Semarang,2019-11-01
C000023,Indra Pratama,Jakarta,2022-01-17
C000024,Eka Pratama,Medan,2024-03-11
C000025,Farah Wijaya,Jakarta,2021-11-10
C000026,Citra Salsabila,Semarang,2021-11-07
C000027,Dimas Salsabila,Yogyakarta,2022-11-10
C000028,Indra Pratama,Surabaya,2020-04-22
C000029,Bima Wijaya,Surabaya,2020-02-21
C000030,Citra Saputra,Medan,2019-05-15
C000031,Jihan Pratama,Surabaya,2022-02-27
C000032,Indra Putri,Semarang,2023-10-19
C000033,Indra Putri,Semarang,2022-11-27
C000034,Hana Nugraha,Bandung,2020-09-17
C000035,Farah Putri,Semarang,2025-03-22
C000036,Dimas Salsabila,Bandung,2020-11-28
C000037,Eka Wijaya,Jakarta,2020-04-17
C000038,Gilang Permata,Semarang,2019-10-08
C000039,Dimas Saputra,Yogyakarta,2019-04-16
C000040,Eka Permata,Medan,2023-08-14
C000041,Jihan Wijaya,Surabaya,2020-05-23
C000042,Dimas Putri,Semarang,2019-04-24
C000043,Jihan Wijaya,Semarang,2022-10-05
C000044,Farah Pratama,Yogyakarta,2021-08-04
C000045,Citra Putri,Bandung,2022-06-09
C000046,Bima Nugraha,Semarang,2020-03-07
C000047,Hana Lestari,Medan,2019-03-23
C000048,Eka Saputra,Semarang,2021-12-16
C000049,Farah Nugraha,Bandung,2025-05-10
C000050,Indra Lestari,Bandung,2024-08-10
C000051,Hana Nugraha,Yogyakarta,2024-05-19
C000052,Bima Nugraha,Medan,2020-07-29
C000053,Citra Nugraha,Medan,2025-01-16
C000054,Eka Pratama,Surabaya,2019-09-07
C000055,Bima Putri,Medan,2025-08-23
C000056,Gilang Lestari,Surabaya,2024-01-29
C000057,Jihan Pratama,Semarang,2022-02-16
C000058,Gilang Lestari,Semarang,2022-01-05
C000059,Dimas Saputra,Medan,2023-09-22
C000060,Farah Saputra,Bandung,2021-06-09
C000061,Hana Wijaya,Jakarta,2023-05-10
C000062,Citra Wijaya,Jakarta,2021-08-25
C000063,Dimas Salsabila,Bandung,2022-01-13
C000064,Alya Putri,Medan,2019-05-28
C000065,Dimas Saputra,Bandung,2025-03-19
C000066,Dimas Nugraha,Surabaya,2019-08-18
C000067,Dimas Lestari,Yogyakarta,2024-12-06
C000068,Indra Putri,Surabaya,2021-09-30
C000069,Indra Nugraha,Surabaya,2019-10-01
C000070,Indra Pratama,Medan,2024-05-15
C000071,Dimas Putri,Surabaya,2020-11-03
C000072,Farah Putri,Medan,2024-10-07
C000073,Dimas Wijaya,Jakarta,2019-11-28
C000074,Indra Wijaya,Yogyakarta,2019-03-27
C000075,Dimas Permata,Bandung,2022-04-06
C000076,Indra Nugraha,Bandung,2020-03-16
C000077,Dimas Salsabila,Semarang,2022-01-05
C000078,Dimas Nugraha,Yogyakarta,2020-01-16
C000079,Farah Putri,Yogyakarta,2025-12-25
C000080,Eka Saputra,Medan,2019-08-16
C000081,Gilang Permata,Medan,2021-03-05
C000082,Farah Putri,Surabaya,2021-10-18
C000083,Farah Permata,Bandung,2019-10-30
C000084,Citra Salsabila,Jakarta,2025-04-13
C000085,Jihan Putri,Medan,2019-12-02
C000086,Alya Wijaya,Surabaya,2025-06-14
C000087,Gilang Salsabila,Surabaya,2025-11-08
C000088,Dimas Permata,Jakarta,2023-08-19
C000089,Gilang Pratama,Yogyakarta,2019-04-30
C000090,Bima Nugraha,Semarang,2024-03-28
C000091,Citra Wijaya,Semarang,2022-07-14
C000092,Citra Wijaya,Medan,2022-04-15
C000093,Eka Saputra,Semarang,2025-11-27
C000094,Gilang Putri,Semarang,2024-01-26
C000095,Gilang Putri,Semarang,2025-08-12
C000096,Bima Nugraha,Yogyakarta,2023-01-17
C000097,Gilang Lestari,Surabaya,2019-01-14
C000098,Jihan Permata,Semarang,2025-07-29
C000099,Jihan Permata,Yogyakarta,2025-12-12
C000100,Gilang Putri,Medan,2024-08-31
C000101,Hana Salsabila,Medan,2019-10-24
C000102,Farah Saputra,Semarang,2023-08-16
C000103,Bima Saputra,Medan,2020-12-15
C000104,Citra Putri,Medan,2025-05-13
C000105,Alya Putri,Surabaya,2020-07-05
C000106,Eka Pratama,Semarang,2023-12-05
C000107,Jihan Putri,Semarang,2020-11-27
C000108,Eka Nugraha,Yogyakarta,2022-08-10
C000109,Bima Permata,Bandung,2020-12-03
C000110,Eka Saputra,Bandung,2020-11-21
C000111,Hana Lestari,Jakarta,2020-03-03
C000112,Bima Wijaya,Medan,2019-07-03
C000113,Dimas Permata,Yogyakarta,2022-03-29
C000114,Hana Salsabila,Yogyakarta,2024-02-21
C000115,Citra Lestari,Surabaya,2025-11-20
C000116,Indra Saputra,Bandung,2021-05-26
C000117,Hana Wijaya,Semarang,2023-07-06
C000118,Alya Putri,Yogyakarta,2019-02-14
C000119,Bima Salsabila,Bandung,2019-04-23
C000120,Gilang Lestari,Semarang,2025-05-04
C000121,Hana Lestari,Bandung,2022-04-08
C000122,Bima Pratama,Surabaya,2024-04-18
C000123,Gilang Saputra,Surabaya,2024-01-26
C000124,Dimas Wijaya,Bandung,2024-08-28
C000125,Gilang Pratama,Yogyakarta,2022-08-08
C000126,Eka Nugraha,Surabaya,2023-09-29
C000127,Citra Wijaya,Bandung,2025-11-18
C000128,Alya Permata,Semarang,2020-11-13
C000129,Farah Putri,Jakarta,2023-10-02
C000130,Citra Salsabila,Jakarta,2019-05-01
C000131,Jihan Salsabila,Bandung,2025-04-08
C000132,Citra Pratama,Surabaya,2024-10-26
C000133,Citra Permata,Semarang,2019-01-25
C000134,Farah Pratama,Semarang,2023-10-31
C000135,Dimas Permata,Yogyakarta,2020-01-26
C000136,Farah Wijaya,Bandung,2025-03-01
C000137,Gilang Lestari,Medan,2022-05-27
C000138,Indra Nugraha,Semarang,2020-04-22
C000139,Gilang Saputra,Medan,2020-06-13
C000140,Dimas Wijaya,Bandung,2021-12-27
C000141,Citra Lestari,Jakarta,2025-07-14
C000142,Hana Permata,Yogyakarta,2024-09-12
C000143,Bima Saputra,Bandung,2020-07-19
C000144,Indra Salsabila,Surabaya,2019-06-14
C000145,Indra Pratama,Jakarta,2022-05-18
C000146,Gilang Nugraha,Bandung,2020-05-13
C000147,Eka Nugraha,Medan,2025-12-13
C000148,Citra Saputra,Semarang,2020-01-25
C000149,Farah Lestari,Yogyakarta,2021-06-04
C000150,Citra Pratama,Medan,2019-10-30
C000151,Farah Putri,Yogyakarta,2019-01-18
C000152,Eka Putri,Yogyakarta,2025-06-21
C000153,Hana Nugraha,Yogyakarta,2019-06-18
C000154,Bima Salsabila,Medan,2019-07-31
C000155,Alya Pratama,Surabaya,2023-12-20
C000156,Jihan Saputra,Yogyakarta,2023-04-25
C000157,Bima Nugraha,Surabaya,2021-12-13
C000158,Jihan Lestari,Bandung,2020-03-17
C000159,Alya Wijaya,Yogyakarta,2021-04-23
C000160,Jihan Salsabila,Medan,2025-12-21
C000161,Farah Pratama,Surabaya,2019-12-26
C000162,Jihan Pratama,Jakarta,2022-01-17
C000163,Indra Lestari,Semarang,2024-05-03
C000164,Alya Wijaya,Jakarta,2019-09-08
C000165,Dimas Nugraha,Yogyakarta,2023-05-02
C000166,Bima Putri,Bandung,2021-06-06
C000167,Alya Wijaya,Semarang,2023-08-19
C000168,Farah Lestari,Yogyakarta,2025-12-16
C000169,Citra Putri,Medan,2025-01-08
C000170,Hana Lestari,Bandung,2022-01-09
C000171,Gilang Pratama,Medan,2019-02-18
C000172,Citra Nugraha,Semarang,2023-09-25
C000173,Dimas Nugraha,Bandung,2021-11-03
C000174,Jihan Saputra,Semarang,2021-09-04
C000175,Dimas Saputra,Semarang,2019-09-22
C000176,Jihan Lestari,Semarang,2022-10-20
C000177,Farah Nugraha,Bandung,2019-02-21
C000178,Dimas Wijaya,Jakarta,2022-04-29
C000179,Dimas Pratama,Medan,2023-10-18
C000180,Hana Salsabila,Medan,2023-02-14
C000181,Bima Salsabila,Medan,2025-04-04
C000182,Citra Saputra,Medan,2022-04-01
C000183,Hana Wijaya,Jakarta,2023-06-09
C000184,Indra Wijaya,Yogyakarta,2020-08-30
C000185,Indra Wijaya,Bandung,2020-10-30
C000186,Alya Nugraha,Bandung,2022-08-15
C000187,Gilang Saputra,Bandung,2023-06-01
C000188,Eka Lestari,Medan,2024-04-13
C000189,Hana Putri,Surabaya,2023-02-02
C000190,Citra Salsabila,Yogyakarta,2021-05-07
C000191,Farah Putri,Jakarta,2022-11-24
C000192,Citra Permata,Jakarta,2025-12-31
C000193,Dimas Pratama,Yogyakarta,2024-01-07
C000194,Farah Pratama,Jakarta,2025-05-22
C000195,Hana Permata,Semarang,2020-10-09
C000196,Alya Permata,Jakarta,2019-09-07
C000197,Hana Lestari,Yogyakarta,2020-05-20
C000198,Farah Putri,Surabaya,2024-09-05
C000199,Jihan Putri,Bandung,2021-02-15
C000200,Gilang Pratama,Surabaya,2021-07-26
C000201,Gilang Permata,Surabaya,2024-12-27
C000202,Indra Permata,Bandung,2022-05-26
C000203,Eka Lestari,Bandung,2022-08-14
C000204,Citra Permata,Jakarta,2019-01-10
C000205,Jihan Pratama,Bandung,2022-06-01
C000206,Gilang Saputra,Jakarta,2025-01-29
C000207,Indra Wijaya,Surabaya,2025-04-11
C000208,Bima Permata,Medan,2024-10-23
C000209,Indra Nugraha,Surabaya,2022-10-22
C000210,Farah Putri,Jakarta,2019-04-28
C000211,Hana Lestari,Semarang,2021-04-17
C000212,Dimas Salsabila,Jakarta,2024-10-23
C000213,Jihan Lestari,Medan,2021-02-22
C000214,Indra Wijaya,Bandung,2020-12-11
C000215,Bima Salsabila,Yogyakarta,2024-11-04
C000216,Bima Nugraha,Yogyakarta,2025-06-27
C000217,Hana Lestari,Medan,2025-01-13
C000218,Farah Saputra,Jakarta,2025-01-30
C000219,Indra Saputra,Yogyakarta,2020-04-03
C000220,Farah Putri,Jakarta,2024-12-07
C000221,Citra Putri,Surabaya,2019-04-22
C000222,Dimas Pratama,Yogyakarta,2021-09-22
C000223,Jihan Permata,Semarang,2022-07-03
C000224,Hana Permata,Semarang,2020-12-27
C000225,Bima Pratama,Medan,2021-03-20
C000226,Eka Saputra,Yogyakarta,2025-09-10
C000227,Citra Saputra,Surabaya,2023-05-12
C000228,Bima Wijaya,Surabaya,2020-03-05
C000229,Indra Nugraha,Bandung,2025-10-22
C000230,Alya Permata,Semarang,2024-01-24
C000231,Dimas Putri,Jakarta,2024-05-31
C000232,Indra Wijaya,Jakarta,2024-04-22
C000233,Dimas Lestari,Semarang,2019-09-18
C000234,Eka Nugraha,Surabaya,2019-05-31
C000235,Jihan Salsabila,Semarang,2024-06-04
C000236,Citra Putri,Jakarta,2022-01-10
C000237,Alya Putri,Surabaya,2022-11-09
C000238,Alya Nugraha,Surabaya,2023-09-15
C000239,Gilang Nugraha,Yogyakarta,2022-12-30
C000240,Farah Pratama,Semarang,2024-01-04
C000241,Farah Putri,Bandung,2023-07-27
C000242,Eka Pratama,Bandung,2020-12-06
C000243,Hana Saputra,Surabaya,2020-06-03
C000244,Citra Pratama,Semarang,2024-04-12
C000245,Dimas Pratama,Surabaya,2020-08-24
C000246,Jihan Nugraha,Semarang,2025-05-15
C000247,Farah Salsabila,Semarang,2020-10-28
C000248,Bima Permata,Surabaya,2024-07-20
C000249,Alya Saputra,Surabaya,2024-05-10
C000250,Jihan Pratama,Yogyakarta,2022-05-23
C000251,Citra Lestari,Medan,2021-06-25
C000252,Indra Nugraha,Bandung,2020-08-13
C000253,Hana Nugraha,Semarang,2023-12-27
C000254,Citra Permata,Surabaya,2021-10-25
C000255,Indra Nugraha,Semarang,2023-11-20
C000256,Alya Wijaya,Semarang,2021-09-28
C000257,Gilang Putri,Yogyakarta,2021-10-08
C000258,Citra Putri,Jakarta,2022-10-23
C000259,Dimas Wijaya,Surabaya,2024-12-31
C000260,Farah Putri,Surabaya,2021-06-19
C000261,Alya Lestari,Semarang,2021-12-09
C000262,Citra Nugraha,Jakarta,2022-09-26
C000263,Gilang Wijaya,Bandung,2023-12-29
C000264,Jihan Pratama,Medan,2021-02-19
C000265,Dimas Lestari,Medan,2022-06-07
C000266,Gilang Putri,Medan,2020-09-23
C000267,Hana Wijaya,Bandung,2022-09-15
C000268,Bima Pratama,Yogyakarta,2025-01-05
C000269,Citra Permata,Jakarta,2021-03-28
C000270,Dimas Salsabila,Yogyakarta,2022-12-14
C000271,Bima Salsabila,Surabaya,2025-04-27
C000272,Farah Permata,Yogyakarta,2025-06-09
C000273,Jihan Salsabila,Medan,2019-06-30
C000274,Bima Wijaya,Surabaya,2025-08-17
C000275,Citra Saputra,Medan,2023-09-30
C000276,Jihan Pratama,Surabaya,2019-02-05
C000277,Indra Wijaya,Medan,2023-07-26
C000278,Bima Wijaya,Medan,2025-12-17
C000279,Indra Salsabila,Yogyakarta,2019-10-05
C000280,Bima Nugraha,Jakarta,2022-11-27
C000281,Alya Lestari,Jakarta,2022-08-13
C000282,Farah Wijaya,Jakarta,2024-07-24
C000283,Alya Wijaya,Medan,2023-03-09
C000284,Dimas Permata,Jakarta,2022-05-11
C000285,Citra Lestari,Jakarta,2023-03-01
C000286,Jihan Wijaya,Jakarta,2023-04-11
C000287,Gilang Putri,Yogyakarta,2022-09-20
C000288,Dimas Saputra,Medan,2025-03-25
C000289,Farah Nugraha,Jakarta,2019-04-23
C000290,Farah Putri,Medan,2019-06-01
C000291,Dimas Permata,Yogyakarta,2025-01-25
C000292,Bima Lestari,Bandung,2024-11-21
C000293,Bima Nugraha,Surabaya,2023-02-22
C000294,Indra Lestari,Medan,2019-03-05
C000295,Jihan Nugraha,Jakarta,2025-06-10
C000296,Hana Lestari,Bandung,2020-12-12
C000297,Indra Nugraha,Semarang,2025-12-04
C000298,Bima Wijaya,Surabaya,2025-09-27
C000299,Bima Pratama,Bandung,2024-12-05
C000300,Indra Salsabila,Surabaya,2023-08-29
C000301,Indra Nugraha,Medan,2019-09-20
C000302,Indra Wijaya,Medan,2019-06-28
C000303,Hana Permata,Semarang,2021-12-01
C000304,Bima Saputra,Bandung,2020-06-18
C000305,Eka Pratama,Surabaya,2019-07-22
C000306,Alya Permata,Jakarta,2024-07-17
C000307,Alya Nugraha,Bandung,2024-04-05
C000308,Jihan Permata,Bandung,2022-11-02
C000309,Citra Salsabila,Yogyakarta,2024-03-21
C000310,Indra Nugraha,Bandung,2020-08-01
C000311,Gilang Permata,Bandung,2025-03-05
C000312,Jihan Saputra,Yogyakarta,2019-01-05
C000313,Bima Saputra,Bandung,2022-01-11
C000314,Bima Lestari,Yogyakarta,2024-01-30
C000315,Citra Wijaya,Semarang,2020-05-25
C000316,Farah Nugraha,Bandung,2024-10-13
C000317,Alya Putri,Surabaya,2023-02-28
C000318,Eka Pratama,Medan,2022-01-09
C000319,Jihan Putri,Bandung,2019-06-24
C000320,Dimas Pratama,Semarang,2022-02-22
C000321,Farah Saputra,Medan,2019-02-17
C000322,Jihan Salsabila,Jakarta,2021-07-21
C000323,Indra Nugraha,Semarang,2024-09-14
C000324,Gilang Pratama,Jakarta,2020-04-18
C000325,Eka Permata,Bandung,2020-04-06
C000326,Farah Permata,Jakarta,2021-11-18
C000327,Alya Lestari,Medan,2025-01-31
C000328,Jihan Permata,Medan,2019-11-22
C000329,Jihan Wijaya,Surabaya,2025-09-27
C000330,Alya Salsabila,Jakarta,2025-01-25
C000331,Indra Pratama,Semarang,2023-06-22
C000332,Dimas Salsabila,Jakarta,2023-10-20
C000333,Hana Lestari,Bandung,2022-04-14
C000334,Indra Nugraha,Yogyakarta,2022-07-05
C000335,Eka Lestari,Surabaya,2024-11-21
C000336,Indra Pratama,Yogyakarta,2022-03-24
C000337,Farah Lestari,Surabaya,2019-11-02
C000338,Indra Saputra,Yogyakarta,2023-01-01
C000339,Gilang Permata,Semarang,2019-01-31
C000340,Dimas Nugraha,Bandung,2022-09-20
C000341,Citra Permata,Semarang,2021-04-22
C000342,Bima Wijaya,Semarang,2021-01-01
C000343,Indra Wijaya,Yogyakarta,2024-09-11
C000344,Alya Permata,Jakarta,2020-08-17
C000345,Gilang Putri,Jakarta,2025-04-06
C000346,Eka Wijaya,Medan,2021-03-21
C000347,Alya Pratama,Semarang,2024-07-05
C000348,Dimas Putri,Semarang,2021-02-04
C000349,Bima Permata,Bandung,2021-04-08
C000350,Indra Saputra,Surabaya,2022-06-06
C000351,Bima Nugraha,Yogyakarta,2019-11-02
C000352,Dimas Permata,Surabaya,2022-08-13
C000353,Dimas Putri,Bandung,2020-10-14
C000354,Gilang Lestari,Bandung,2020-09-29
C000355,Alya Pratama,Jakarta,2024-10-05
C000356,Gilang Permata,Semarang,2022-11-15
C000357,Gilang Nugraha,Yogyakarta,2020-07-17
C000358,Citra Nugraha,Jakarta,2020-05-20
C000359,Bima Permata,Yogyakarta,2024-04-08
C000360,Alya Permata,Medan,2020-09-07
C000361,Indra Nugraha,Surabaya,2020-07-25
C000362,Jihan Salsabila,Surabaya,2025-12-22
C000363,Dimas Nugraha,Bandung,2025-09-04
C000364,Eka Saputra,Yogyakarta,2020-01-19
C000365,Indra Nugraha,Surabaya,2020-08-06
C000366,Jihan Permata,Medan,2025-07-19
C000367,Jihan Permata,Semarang,2022-04-26
C000368,Citra Nugraha,Surabaya,2020-05-10
C000369,Citra Wijaya,Semarang,2019-09-19
C000370,Hana Lestari,Semarang,2019-08-03
C000371,Dimas Salsabila,Surabaya,2020-07-17
C000372,Farah Saputra,Semarang,2022-05-22
C000373,Indra Saputra,Bandung,2020-06-09
C000374,Dimas Salsabila,Bandung,2019-06-20
C000375,Citra Nugraha,Semarang,2023-08-04
C000376,Farah Pratama,Medan,2019-04-06
C000377,Gilang Lestari,Medan,2023-09-17
C000378,Indra Lestari,Bandung,2024-02-26
C000379,Alya Lestari,Jakarta,2025-02-19
C000380,Jihan Lestari,Semarang,2023-09-14
C000381,Farah Saputra,Surabaya,2021-12-06
C000382,Farah Wijaya,Jakarta,2019-07-02
C000383,Farah Saputra,Surabaya,2020-01-04
C000384,Citra Wijaya,Semarang,2023-06-13
C000385,Farah Permata,Bandung,2021-09-08
C000386,Citra Permata,Yogyakarta,2024-12-26
C000387,Eka Permata,Semarang,2019-12-01
C000388,Bima Nugraha,Jakarta,2023-05-26
C000389,Indra Saputra,Semarang,2019-10-09
C000390,Dimas Permata,Yogyakarta,2021-12-09
C000391,Alya Permata,Surabaya,2022-05-02
C000392,Bima Putri,Surabaya,2021-01-06
C000393,Indra Permata,Semarang,2022-01-31
C000394,Bima Nugraha,Yogyakarta,2022-10-10
C000395,Bima Nugraha,Surabaya,2025-01-29
C000396,Jihan Wijaya,Semarang,2023-09-03
C000397,Jihan Wijaya,Jakarta,2022-10-14
C000398,Hana Wijaya,Semarang,2021-06-28
C000399,Eka Putri,Medan,2021-08-31
C000400,Jihan Nugraha,Yogyakarta,2023-07-11
C000401,Alya Permata,Yogyakarta,2019-04-05
C000402,Alya Pratama,Surabaya,2023-04-05
C000403,Alya Salsabila,Surabaya,2021-05-21
C000404,Jihan Salsabila,Surabaya,2025-10-20
C000405,Citra Salsabila,Surabaya,2019-01-13
C000406,Indra Pratama,Medan,2024-10-23
C000407,Hana Salsabila,Jakarta,2020-10-30
C000408,Hana Saputra,Medan,2022-03-23
C000409,Dimas Pratama,Yogyakarta,2024-01-21
C000410,Citra Nugraha,Medan,2024-08-02
C000411,Farah Wijaya,Medan,2021-01-01
C000412,Eka Wijaya,Medan,2025-10-01
C000413,Indra Permata,Medan,2024-04-04
C000414,Jihan Lestari,Bandung,2024-04-26
C000415,Dimas Saputra,Jakarta,2022-06-06
C000416,Gilang Permata,Semarang,2019-07-25
C000417,Farah Nugraha,Semarang,2025-01-24
C000418,Hana Wijaya,Bandung,2021-11-08
C000419,Dimas Wijaya,Yogyakarta,2020-04-19
C000420,Farah Lestari,Jakarta,2024-02-01
C000421,Eka Wijaya,Medan,2022-10-09
C000422,Bima Lestari,Yogyakarta,2024-01-30
C000423,Alya Putri,Jakarta,2021-10-21
C000424,Hana Putri,Surabaya,2022-09-23
C000425,Indra Saputra,Jakarta,2024-12-13
C000426,Bima Nugraha,Surabaya,2019-02-19
C000427,Eka Pratama,Semarang,2024-07-27
C000428,Gilang Wijaya,Semarang,2022-08-24
C000429,Farah Pratama,Medan,2025-12-01
C000430,Hana Putri,Yogyakarta,2024-10-03
C000431,Jihan Wijaya,Surabaya,2024-09-28
C000432,Hana Wijaya,Bandung,2023-04-06
C000433,Gilang Permata,Bandung,2023-09-24
C000434,Gilang Putri,Bandung,2022-01-23
C000435,Dimas Nugraha,Jakarta,2022-02-20
C000436,Jihan Wijaya,Medan,2023-10-28
C000437,Farah Saputra,Medan,2022-07-04
C000438,Citra Lestari,Jakarta,2020-11-16
C000439,Gilang Saputra,Surabaya,2020-10-18
C000440,Dimas Nugraha,Semarang,2019-08-23
C000441,Hana Permata,Yogyakarta,2022-01-29
C000442,Alya Lestari,Medan,2023-05-11
C000443,Hana Nugraha,Medan,2021-11-21
C000444,Farah Putri,Medan,2019-11-23
C000445,Hana Lestari,Semarang,2019-02-21
C000446,Hana Putri,Surabaya,2023-08-14
C000447,Bima Wijaya,Surabaya,2023-09-14
C000448,Gilang Saputra,Medan,2023-09-02
C000449,Eka Wijaya,Medan,2024-06-23
C000450,Citra Putri,Semarang,2022-05-25
C000451,Eka Salsabila,Jakarta,2023-07-01
C000452,Dimas Nugraha,Medan,2023-01-12
C000453,Hana Nugraha,Semarang,2021-09-06
C000454,Eka Putri,Semarang,2024-01-08
C000455,Gilang Permata,Bandung,2023-09-11
C000456,Dimas Salsabila,Bandung,2022-01-14
C000457,Alya Saputra,Medan,2019-03-26
C000458,Indra Wijaya,Semarang,2021-10-14
C000459,Hana Pratama,Jakarta,2022-01-31
C000460,Gilang Permata,Yogyakarta,2020-05-18
C000461,Bima Saputra,Yogyakarta,2020-10-05
C000462,Indra Lestari,Medan,2020-01-27
C000463,Eka Pratama,Surabaya,2019-01-11
C000464,Hana Nugraha,Surabaya,2022-09-14
C000465,Hana Putri,Semarang,2024-07-22
C000466,Indra Permata,Bandung,2021-05-18
C000467,Bima Lestari,Jakarta,2023-03-12
C000468,Farah Saputra,Semarang,2022-07-15
C000469,Bima Permata,Jakarta,2021-09-09
C000470,Dimas Lestari,Jakarta,2023-04-29
C000471,Alya Salsabila,Semarang,2023-10-31
C000472,Farah Permata,Bandung,2024-11-25
C000473,Indra Permata,Bandung,2019-06-01
C000474,Eka Salsabila,Semarang,2025-03-29
C000475,Gilang Permata,Jakarta,2022-09-06
C000476,Farah Lestari,Bandung,2021-04-17
C000477,Indra Salsabila,Semarang,2020-11-03
C000478,Hana Putri,Yogyakarta,2024-01-25
C000479,Farah Saputra,Medan,2023-12-17
C000480,Jihan Saputra,Surabaya,2020-03-28
C000481,Eka Lestari,Medan,2019-02-25
C000482,Hana Pratama,Yogyakarta,2024-05-20
C000483,Indra Saputra,Medan,2023-09-18
C000484,Gilang Permata,Medan,2020-08-04
C000485,Citra Pratama,Jakarta,2024-09-05
C000486,Farah Salsabila,Jakarta,2020-05-12
C000487,Citra Saputra,Jakarta,2020-06-08
C000488,Citra Lestari,Surabaya,2025-10-23
C000489,Citra Lestari,Medan,2019-08-15
C000490,Bima Wijaya,Semarang,2019-12-10
C000491,Jihan Lestari,Bandung,2021-10-05
C000492,Bima Lestari,Semarang,2022-06-30
C000493,Gilang Permata,Bandung,2019-12-15
C000494,Alya Putri,Jakarta,2023-04-06
C000495,Indra Salsabila,Jakarta,2024-01-08
C000496,Citra Lestari,Yogyakarta,2022-07-10
C000497,Eka Putri,Medan,2022-10-28
C000498,Eka Saputra,Bandung,2023-11-15
C000499,Bima Putri,Yogyakarta,2021-06-03
C000500,Dimas Nugraha,Yogyakarta,2022-01-21
C000501,Hana Nugraha,Yogyakarta,2020-12-28
C000502,Farah Nugraha,Jakarta,2022-08-02
C000503,Eka Permata,Semarang,2019-07-12
C000504,Dimas Saputra,Semarang,2023-12-09
C000505,Citra Wijaya,Surabaya,2025-09-03
C000506,Dimas Pratama,Medan,2023-11-11
C000507,Dimas Salsabila,Yogyakarta,2025-10-30
C000508,Hana Nugraha,Yogyakarta,2019-11-06
C000509,Hana Wijaya,Yogyakarta,2022-08-02
C000510,Hana Saputra,Surabaya,2025-10-29
C000511,Hana Wijaya,Medan,2022-07-23
C000512,Hana Lestari,Yogyakarta,2020-09-29
C000513,Alya Putri,Jakarta,2024-08-13
C000514,Gilang Nugraha,Jakarta,2022-06-08
C000515,Bima Lestari,Medan,2025-10-23
C000516,Jihan Wijaya,Jakarta,2025-08-28
C000517,Jihan Lestari,Bandung,2025-05-19
C000518,Eka Salsabila,Bandung,2025-01-17
C000519,Indra Pratama,Jakarta,2025-08-21
C000520,Farah Pratama,Semarang,2020-02-14
C000521,Farah Pratama,Surabaya,2025-06-05
C000522,Gilang Nugraha,Semarang,2020-03-26
C000523,Dimas Permata,Semarang,2024-07-03
C000524,Hana Pratama,Yogyakarta,2020-11-02
C000525,Alya Putri,Semarang,2019-06-04
C000526,Gilang Pratama,Jakarta,2025-09-04
C000527,Alya Nugraha,Semarang,2022-02-05
C000528,Farah Pratama,Surabaya,2022-07-19
C000529,Gilang Pratama,Surabaya,2022-06-02
C000530,Dimas Permata,Surabaya,2020-11-19
C000531,Citra Nugraha,Medan,2019-06-21
C000532,Indra Lestari,Bandung,2021-03-04
C000533,Gilang Salsabila,Yogyakarta,2023-12-29
C000534,Indra Saputra,Semarang,2025-01-02
C000535,Gilang Wijaya,Surabaya,2020-01-21
C000536,Indra Saputra,Bandung,2019-04-25
C000537,Bima Wijaya,Bandung,2020-06-05
C000538,Eka Lestari,Bandung,2020-03-09
C000539,Jihan Putri,Surabaya,2021-12-07
C000540,Hana Wijaya,Jakarta,2020-09-26
C000541,Hana Putri,Yogyakarta,2024-11-20
C000542,Gilang Salsabila,Bandung,2022-06-06
C000543,Bima Lestari,Medan,2022-04-02
C000544,Eka Putri,Jakarta,2019-03-07
C000545,Bima Pratama,Yogyakarta,2021-11-01
C000546,Jihan Permata,Yogyakarta,2021-09-23
C000547,Gilang Salsabila,Jakarta,2019-05-23
C000548,Alya Nugraha,Jakarta,2020-05-06
C000549,Jihan Lestari,Medan,2020-12-23
C000550,Jihan Pratama,Surabaya,2025-08-19
C000551,Hana Pratama,Bandung,2021-11-18
C000552,Jihan Wijaya,Surabaya,2024-11-28
C000553,Bima Salsabila,Medan,2022-06-02
C000554,Hana Putri,Medan,2025-10-24
C000555,Eka Wijaya,Surabaya,2021-11-29
C000556,Bima Wijaya,Medan,2024-12-17
C000557,Indra Lestari,Bandung,2022-01-14
C000558,Jihan Wijaya,Bandung,2020-10-08
C000559,Farah Pratama,Surabaya,2020-11-26
C000560,Bima Putri,Yogyakarta,2023-07-05
C000561,Hana Nugraha,Semarang,2022-06-09
C000562,Bima Salsabila,Semarang,2021-04-24
C000563,Dimas Nugraha,Semarang,2023-09-05
C000564,Farah Putri,Jakarta,2020-02-23
C000565,Dimas Permata,Semarang,2024-02-06
C000566,Eka Saputra,Jakarta,2024-04-28
C000567,Dimas Wijaya,Jakarta,2023-06-17
C000568,Citra Lestari,Semarang,2025-06-01
C000569,Dimas Saputra,Bandung,2019-12-21
C000570,Indra Salsabila,Surabaya,2019-11-20
C000571,Indra Wijaya,Surabaya,2022-05-09
C000572,Eka Saputra,Yogyakarta,2023-04-15
C000573,Eka Saputra,Yogyakarta,2025-07-13
C000574,Jihan Wijaya,Jakarta,2020-08-12
C000575,Eka Wijaya,Semarang,2019-03-20
C000576,Indra Saputra,Bandung,2022-02-13
C000577,Bima Pratama,Yogyakarta,2024-02-15
C000578,Indra Permata,Bandung,2023-05-23
C000579,Dimas Saputra,Semarang,2022-01-03
C000580,Indra Nugraha,Medan,2024-09-26
C000581,Jihan Pratama,Surabaya,2019-04-14
C000582,Gilang Putri,Bandung,2021-06-28
C000583,Citra Permata,Surabaya,2025-07-01
C000584,Farah Salsabila,Medan,2019-09-15
C000585,Citra Permata,Semarang,2021-04-13
C000586,Gilang Putri,Jakarta,2024-05-29
C000587,Jihan Salsabila,Yogyakarta,2025-09-08
C000588,Bima Salsabila,Yogyakarta,2019-07-05
C000589,Indra Lestari,Medan,2022-03-26
C000590,Jihan Nugraha,Medan,2024-08-14
C000591,Indra Wijaya,Medan,2019-10-16
C000592,Eka Wijaya,Jakarta,2021-06-04
C000593,Alya Wijaya,Jakarta,2021-01-28
C000594,Citra Lestari,Bandung,2020-07-13
C000595,Bima Lestari,Surabaya,2019-05-08
C000596,Hana Wijaya,Jakarta,2023-05-26
C000597,Gilang Saputra,Yogyakarta,2024-06-15
C000598,Farah Putri,Surabaya,2024-05-08
C000599,Hana Wijaya,Jakarta,2023-08-26
C000600,Farah Pratama,Bandung,2023-04-22
C000601,Bima Salsabila,Surabaya,2020-01-22
C000602,Citra Wijaya,Jakarta,2025-10-22
C000603,Citra Salsabila,Surabaya,2022-01-31
C000604,Farah Salsabila,Medan,2019-07-03
C000605,Hana Saputra,Yogyakarta,2022-10-07
C000606,Bima Lestari,Jakarta,2025-06-13
C000607,Alya Permata,Yogyakarta,2021-08-14
C000608,Bima Wijaya,Semarang,2023-12-18
C000609,Bima Pratama,Bandung,2024-03-15
C000610,Citra Permata,Yogyakarta,2019-09-10
C000611,Eka Salsabila,Semarang,2022-04-12
C000612,Farah Pratama,Surabaya,2019-12-12
C000613,Jihan Wijaya,Surabaya,2024-01-17
C000614,Bima Saputra,Semarang,2023-11-23
C000615,Indra Wijaya,Semarang,2019-07-01
C000616,Hana Permata,Surabaya,2025-03-30
C000617,Bima Wijaya,Jakarta,2025-01-16
C000618,Indra Saputra,Yogyakarta,2025-02-28
C000619,Citra Saputra,Semarang,2025-03-21
C000620,Dimas Pratama,Jakarta,2019-09-14
C000621,Eka Lestari,Bandung,2021-09-24
C000622,Eka Wijaya,Medan,2020-07-13
C000623,Eka Putri,Yogyakarta,2022-05-22
C000624,Gilang Permata,Medan,2022-06-02
C000625,Gilang Salsabila,Surabaya,2022-03-23
C000626,Bima Permata,Medan,2021-01-13
C000627,Bima Pratama,Surabaya,2019-03-28
C000628,Alya Lestari,Jakarta,2022-12-03
C000629,Bima Pratama,Bandung,2023-03-05
C000630,Gilang Putri,Surabaya,2022-03-01
C000631,Hana Salsabila,Medan,2019-02-27
C000632,Eka Nugraha,Semarang,2023-03-16
C000633,Gilang Wijaya,Medan,2019-06-26
C000634,Jihan Lestari,Medan,2022-03-16
C000635,Bima Putri,Surabaya,2023-08-25
C000636,Gilang Pratama,Medan,2021-12-31
C000637,Eka Nugraha,Jakarta,2022-05-08
C000638,Citra Salsabila,Bandung,2021-08-23
C000639,Farah Permata,Yogyakarta,2020-05-11
C000640,Farah Lestari,Bandung,2022-08-28
C000641,Indra Saputra,Semarang,2021-12-05
C000642,Eka Permata,Surabaya,2019-05-28
C000643,Dimas Salsabila,Yogyakarta,2022-07-02
C000644,Jihan Pratama,Yogyakarta,2023-05-31
C000645,Citra Putri,Medan,2023-07-31
C000646,Bima Permata,Jakarta,2024-07-26
C000647,Jihan Salsabila,Yogyakarta,2021-08-26
C000648,Alya Pratama,Bandung,2022-03-15
C000649,Eka Salsabila,Medan,2025-01-05
C000650,Hana Salsabila,Surabaya,2021-06-08
C000651,Eka Putri,Jakarta,2022-09-09
C000652,Bima Wijaya,Bandung,2024-08-18
C000653,Bima Saputra,Bandung,2021-04-19
C000654,Hana Wijaya,Yogyakarta,2021-06-03
C000655,Indra Lestari,Medan,2024-03-08
C000656,Indra Pratama,Yogyakarta,2019-02-05
C000657,Bima Wijaya,Yogyakarta,2019-05-14
C000658,Dimas Lestari,Surabaya,2021-03-29
C000659,Farah Wijaya,Medan,2020-06-10
C000660,Farah Salsabila,Surabaya,2025-07-25
C000661,Bima Lestari,Yogyakarta,2020-07-13
C000662,Farah Permata,Surabaya,2025-07-13
C000663,Citra Putri,Medan,2019-05-22
C000664,Eka Nugraha,Semarang,2025-09-06
C000665,Eka Wijaya,Bandung,2025-03-17
C000666,Farah Permata,Yogyakarta,2024-07-18
C000667,Indra Saputra,Semarang,2021-11-01
C000668,Gilang Lestari,Semarang,2024-11-12
C000669,Hana Lestari,Semarang,2023-05-08
C000670,Farah Salsabila,Bandung,2019-11-06
C000671,Alya Permata,Bandung,2020-12-06
C000672,Farah Pratama,Surabaya,2025-10-30
C000673,Indra Lestari,Medan,2019-03-17
C000674,Jihan Wijaya,Semarang,2021-06-21
C000675,Citra Nugraha,Semarang,2022-03-27
C000676,Eka Pratama,Yogyakarta,2020-09-14
C000677,Farah Lestari,Yogyakarta,2020-05-30
C000678,Eka Pratama,Medan,2023-05-10
C000679,Eka Saputra,Bandung,2023-10-25
C000680,Citra Nugraha,Jakarta,2024-03-16
C000681,Hana Wijaya,Bandung,2019-12-26
C000682,Bima Pratama,Jakarta,2019-01-07
C000683,Farah Pratama,Bandung,2023-12-16
C000684,Hana Salsabila,Bandung,2023-11-29
C000685,Jihan Saputra,Semarang,2019-04-16
C000686,Jihan Lestari,Yogyakarta,2022-11-20
C000687,Gilang Lestari,Yogyakarta,2024-12-21
C000688,Gilang Wijaya,Surabaya,2020-07-22
C000689,Citra Permata,Bandung,2022-07-14
C000690,Gilang Salsabila,Bandung,2020-02-04
C000691,Gilang Wijaya,Yogyakarta,2021-02-19
C000692,Alya Putri,Semarang,2024-06-02
C000693,Bima Salsabila,Surabaya,2025-02-19
C000694,Gilang Saputra,Surabaya,2019-02-20
C000695,Farah Pratama,Medan,2019-07-09
C000696,Farah Salsabila,Yogyakarta,2023-11-11
C000697,Bima Lestari,Jakarta,2019-08-21
C000698,Hana Wijaya,Yogyakarta,2019-08-10
C000699,Dimas Wijaya,Bandung,2023-10-18
C000700,Citra Saputra,Yogyakarta,2022-08-11
C000701,Alya Putri,Surabaya,2020-06-07
C000702,Gilang Pratama,Medan,2023-03-18
C000703,Alya Putri,Medan,2022-12-07
C000704,Indra Pratama,Surabaya,2022-05-02
C000705,Dimas Pratama,Medan,2024-05-09
C000706,Farah Wijaya,Surabaya,2021-01-14
C000707,Gilang Putri,Jakarta,2023-10-09
C000708,Jihan Putri,Surabaya,2023-06-11
C000709,Indra Pratama,Bandung,2021-04-23
C000710,Indra Permata,Bandung,2019-06-18
C000711,Farah Salsabila,Jakarta,2022-05-05
C000712,Farah Putri,Jakarta,2019-02-21
C000713,Jihan Salsabila,Jakarta,2025-02-28
C000714,Gilang Putri,Jakarta,2024-11-16
C000715,Alya Salsabila,Bandung,2022-05-12
C000716,Farah Saputra,Medan,2023-12-02
C000717,Citra Pratama,Medan,2023-02-14
C000718,Citra Pratama,Surabaya,2021-06-08
C000719,Gilang Saputra,Semarang,2022-09-21
C000720,Indra Lestari,Yogyakarta,2022-04-25
C000721,Indra Permata,Jakarta,2022-03-23
C000722,Gilang Permata,Yogyakarta,2022-03-16
C000723,Hana Salsabila,Semarang,2019-10-09
C000724,Gilang Wijaya,Surabaya,2022-04-26
C000725,Gilang Permata,Medan,2025-11-20
C000726,Hana Lestari,Jakarta,2023-03-16
C000727,Eka Wijaya,Bandung,2023-07-03
C000728,Bima Wijaya,Jakarta,2024-12-21
C000729,Gilang Nugraha,Jakarta,2022-07-26
C000730,Alya Nugraha,Semarang,2024-02-06
C000731,Alya Permata,Yogyakarta,2023-03-21
C000732,Eka Nugraha,Bandung,2021-07-28
C000733,Farah Putri,Medan,2024-09-21
C000734,Citra Saputra,Semarang,2024-07-22
C000735,Dimas Putri,Surabaya,2022-09-08
C000736,Bima Saputra,Semarang,2021-09-18
C000737,Indra Permata,Jakarta,2025-06-11
C000738,Farah Putri,Semarang,2020-03-13
C000739,Gilang Nugraha,Surabaya,2019-06-16
C000740,Gilang Pratama,Surabaya,2022-10-05
C000741,Citra Pratama,Surabaya,2019-08-20
C000742,Gilang Nugraha,Surabaya,2021-11-21
C000743,Farah Pratama,Medan,2021-07-11
C000744,Farah Lestari,Yogyakarta,2019-11-19
C000745,Hana Nugraha,Semarang,2019-10-01
C000746,Bima Salsabila,Yogyakarta,2022-02-18
C000747,Alya Lestari,Medan,2019-04-16
C000748,Indra Nugraha,Surabaya,2025-10-18
C000749,Gilang Pratama,Medan,2022-04-17
C000750,Jihan Permata,Bandung,2019-05-21
C000751,Citra Salsabila,Medan,2020-03-24
C000752,Dimas Saputra,Medan,2021-07-27
C000753,Hana Saputra,Yogyakarta,2020-05-28
C000754,Dimas Wijaya,Semarang,2023-05-08
C000755,Bima Salsabila,Medan,2023-02-08
C000756,Gilang Wijaya,Semarang,2020-11-17
C000757,Bima Wijaya,Semarang,2025-10-16
C000758,Hana Pratama,Jakarta,2019-09-25
C000759,Bima Saputra,Yogyakarta,2025-11-05
C000760,Farah Lestari,Medan,2024-03-16
C000761,Farah Saputra,Semarang,2022-06-01
C000762,Jihan Permata,Yogyakarta,2024-04-02
C000763,Eka Wijaya,Yogyakarta,2022-01-08
C000764,Eka Salsabila,Medan,2020-03-17
C000765,Hana Salsabila,Yogyakarta,2024-09-30
C000766,Alya Saputra,Bandung,2023-03-10
C000767,Gilang Putri,Bandung,2020-06-17
C000768,Indra Wijaya,Yogyakarta,2020-01-19
C000769,Hana Pratama,Bandung,2021-05-04
C000770,Bima Saputra,Bandung,2023-01-12
C000771,Farah Nugraha,Bandung,2023-11-04
C000772,Hana Lestari,Bandung,2023-11-11
C000773,Gilang Nugraha,Bandung,2025-05-09
C000774,Hana Nugraha,Medan,2021-01-21
C000775,Indra Saputra,Jakarta,2020-10-29
C000776,Indra Wijaya,Jakarta,2023-01-11
C000777,Jihan Putri,Surabaya,2019-09-21
C000778,Indra Salsabila,Surabaya,2021-11-04
C000779,Citra Lestari,Surabaya,2019-04-01
C000780,Farah Saputra,Surabaya,2020-12-07
C000781,Jihan Pratama,Medan,2019-02-14
C000782,Eka Salsabila,Bandung,2023-03-21
C000783,Hana Nugraha,Bandung,2022-01-30
C000784,Farah Wijaya,Surabaya,2022-08-11
C000785,Gilang Pratama,Jakarta,2019-04-10
C000786,Gilang Putri,Jakarta,2019-03-19
C000787,Citra Saputra,Yogyakarta,2019-09-04
C000788,Farah Pratama,Semarang,2022-03-02
C000789,Citra Lestari,Yogyakarta,2022-02-11
C000790,Farah Putri,Surabaya,2021-06-25
C000791,Alya Saputra,Medan,2021-06-05
C000792,Farah Pratama,Semarang,2021-03-17
C000793,Citra Saputra,Semarang,2022-06-27
C000794,Alya Permata,Jakarta,2019-02-21
C000795,Farah Pratama,Semarang,2019-08-13
C000796,Alya Saputra,Bandung,2021-07-26
C000797,Gilang Nugraha,Semarang,2025-11-06
C000798,Alya Wijaya,Yogyakarta,2025-03-06
C000799,Bima Permata,Yogyakarta,2025-12-24
C000800,Farah Salsabila,Medan,2021-05-04
C000801,Hana Saputra,Jakarta,2019-05-28
C000802,Alya Nugraha,Semarang,2022-11-06
C000803,Hana Pratama,Jakarta,2019-05-25
C000804,Bima Wijaya,Medan,2025-02-12
C000805,Citra Pratama,Yogyakarta,2025-01-15
C000806,Indra Saputra,Yogyakarta,2022-11-03
C000807,Alya Salsabila,Semarang,2025-10-13
C000808,Bima Saputra,Semarang,2023-03-22
C000809,Bima Nugraha,Medan,2021-07-19
C000810,Bima Pratama,Surabaya,2023-05-12
C000811,Eka Pratama,Bandung,2023-06-11
C000812,Bima Saputra,Jakarta,2022-11-13
C000813,Eka Lestari,Surabaya,2021-08-08
C000814,Dimas Saputra,Semarang,2019-07-02
C000815,Jihan Permata,Semarang,2022-08-23
C000816,Hana Wijaya,Surabaya,2024-07-12
C000817,Bima Lestari,Semarang,2019-02-03
C000818,Dimas Lestari,Semarang,2022-08-11
C000819,Indra Wijaya,Surabaya,2023-09-29
C000820,Dimas Permata,Yogyakarta,2019-11-04
C000821,Bima Pratama,Surabaya,2022-11-23
C000822,Citra Putri,Surabaya,2022-01-29
C000823,Dimas Putri,Bandung,2025-07-30
C000824,Alya Wijaya,Medan,2025-03-13
C000825,Alya Nugraha,Yogyakarta,2021-02-08
C000826,Farah Nugraha,Jakarta,2025-12-06
C000827,Alya Saputra,Medan,2020-06-20
C000828,Citra Wijaya,Semarang,2023-04-20
C000829,Jihan Saputra,Jakarta,2025-05-14
C000830,Gilang Lestari,Jakarta,2021-10-06
C000831,Eka Lestari,Jakarta,2025-08-12
C000832,Bima Saputra,Bandung,2021-10-15
C000833,Bima Permata,Surabaya,2024-09-03
C000834,Alya Nugraha,Yogyakarta,2021-03-30
C000835,Eka Putri,Medan,2023-02-01
C000836,Farah Permata,Surabaya,2019-02-07
C000837,Eka Nugraha,Bandung,2024-06-12
C000838,Citra Pratama,Jakarta,2022-10-22
C000839,Alya Lestari,Yogyakarta,2023-07-04
C000840,Jihan Saputra,Yogyakarta,2019-02-28
C000841,Bima Lestari,Yogyakarta,2023-08-02
C000842,Farah Nugraha,Jakarta,2021-01-13
C000843,Farah Putri,Semarang,2023-04-19
C000844,Farah Saputra,Bandung,2020-03-18
C000845,Farah Permata,Medan,2025-11-29
C000846,Indra Lestari,Jakarta,2022-01-17
C000847,Indra Wijaya,Surabaya,2019-04-21
C000848,Farah Nugraha,Medan,2025-02-07
C000849,Alya Pratama,Medan,2021-04-14
C000850,Jihan Lestari,Semarang,2022-05-21
C000851,Jihan Putri,Medan,2020-07-21
C000852,Eka Permata,Medan,2022-12-18
C000853,Eka Wijaya,Jakarta,2020-10-29
C000854,Indra Saputra,Yogyakarta,2024-10-14
C000855,Eka Pratama,Yogyakarta,2020-03-30
C000856,Dimas Pratama,Medan,2020-07-31
C000857,Bima Lestari,Surabaya,2020-11-23
C000858,Indra Pratama,Yogyakarta,2025-01-20
C000859,Jihan Nugraha,Bandung,2022-10-12
C000860,Citra Saputra,Bandung,2020-11-23
C000861,Bima Salsabila,Surabaya,2022-12-25
C000862,Dimas Lestari,Medan,2025-03-03
C000863,Citra Pratama,Yogyakarta,2022-08-31
C000864,Jihan Nugraha,Surabaya,2022-06-09
C000865,Gilang Permata,Yogyakarta,2020-02-18
C000866,Indra Saputra,Bandung,2022-10-14
C000867,Eka Lestari,Semarang,2025-08-19
C000868,Citra Permata,Yogyakarta,2019-10-21
C000869,Jihan Nugraha,Semarang,2021-03-08
C000870,Eka Lestari,Surabaya,2023-05-09
C000871,Dimas Nugraha,Bandung,2020-12-29
C000872,Citra Permata,Semarang,2020-02-11
C000873,Hana Nugraha,Medan,2024-10-23
C000874,Hana Wijaya,Semarang,2022-02-21
C000875,Jihan Putri,Bandung,2021-01-18
C000876,Dimas Lestari,Bandung,2021-03-19
C000877,Indra Pratama,Jakarta,2024-12-08
C000878,Jihan Pratama,Semarang,2020-03-14
C000879,Dimas Permata,Bandung,2023-04-23
C000880,Farah Saputra,Yogyakarta,2025-12-19
C000881,Hana Lestari,Medan,2024-02-17
C000882,Indra Salsabila,Bandung,2025-03-27
C000883,Bima Saputra,Bandung,2023-04-10
C000884,Dimas Pratama,Medan,2022-08-20
C000885,Farah Nugraha,Jakarta,2021-02-07
C000886,Alya Nugraha,Semarang,2022-10-09
C000887,Bima Saputra,Jakarta,2020-03-17
C000888,Bima Lestari,Medan,2022-08-22
C000889,Alya Putri,Jakarta,2024-03-28
C000890,Farah Salsabila,Yogyakarta,2023-04-29
C000891,Bima Wijaya,Surabaya,2024-05-08
C000892,Alya Lestari,Bandung,2024-07-21
C000893,Hana Wijaya,Semarang,2021-02-10
C000894,Hana Wijaya,Medan,2022-08-22
C000895,Farah Pratama,Surabaya,2025-10-17
C000896,Jihan Putri,Medan,2025-05-31
C000897,Dimas Putri,Surabaya,2021-08-31
C000898,Alya Lestari,Yogyakarta,2021-03-01
C000899,Eka Permata,Yogyakarta,2023-06-17
C000900,Citra Nugraha,Semarang,2025-02-14
C000901,Alya Pratama,Medan,2025-06-03
C000902,Dimas Permata,Bandung,2021-05-23
C000903,Gilang Wijaya,Jakarta,2021-09-23
C000904,Citra Salsabila,Medan,2019-05-08
C000905,Alya Saputra,Yogyakarta,2020-04-23
C000906,Gilang Pratama,Surabaya,2024-05-28
C000907,Citra Putri,Jakarta,2024-03-15
C000908,Eka Nugraha,Yogyakarta,2025-12-18
C000909,Alya Pratama,Semarang,2019-11-17
C000910,Alya Lestari,Jakarta,2025-02-07
C000911,Eka Putri,Yogyakarta,2022-07-30
C000912,Eka Nugraha,Semarang,2024-07-09
C000913,Citra Pratama,Surabaya,2023-04-24
C000914,Jihan Wijaya,Medan,2024-02-08
C000915,Eka Permata,Jakarta,2021-10-19
C000916,Dimas Wijaya,Surabaya,2019-10-26
C000917,Jihan Wijaya,Semarang,2019-10-01
C000918,Farah Nugraha,Semarang,2019-09-01
C000919,Gilang Nugraha,Jakarta,2024-11-22
C000920,Hana Putri,Semarang,2020-01-22
C000921,Farah Permata,Jakarta,2021-11-11
C000922,Citra Wijaya,Jakarta,2024-05-15
C000923,Gilang Lestari,Jakarta,2023-02-09
C000924,Jihan Lestari,Semarang,2025-07-04
C000925,Citra Lestari,Yogyakarta,2022-11-28
C000926,Jihan Pratama,Jakarta,2019-06-21
C000927,Bima Permata,Jakarta,2022-07-01
C000928,Farah Putri,Yogyakarta,2023-06-26
C000929,Citra Nugraha,Jakarta,2023-12-31
C000930,Indra Lestari,Surabaya,2020-06-27
C000931,Citra Nugraha,Surabaya,2020-02-20
C000932,Jihan Salsabila,Bandung,2023-03-13
C000933,Dimas Nugraha,Semarang,2024-10-13
C000934,Gilang Pratama,Medan,2021-11-02
C000935,Jihan Wijaya,Surabaya,2020-08-16
C000936,Jihan Lestari,Yogyakarta,2020-07-04
C000937,Farah Nugraha,Semarang,2019-09-04
C000938,Jihan Pratama,Semarang,2024-09-30
C000939,Farah Permata,Yogyakarta,2023-10-05
C000940,Eka Permata,Jakarta,2020-06-28
C000941,Dimas Wijaya,Surabaya,2019-10-31
C000942,Citra Pratama,Bandung,2021-07-24
C000943,Bima Saputra,Medan,2019-07-08
C000944,Farah Nugraha,Bandung,2025-03-08
C000945,Hana Lestari,Yogyakarta,2023-07-16
C000946,Citra Putri,Bandung,2021-09-12
C000947,Farah Pratama,Surabaya,2023-03-10
C000948,Indra Putri,Bandung,2022-08-17
C000949,Dimas Saputra,Semarang,2022-06-16
C000950,Bima Nugraha,Medan,2024-06-05
C000951,Indra Salsabila,Semarang,2021-09-20
C000952,Dimas Wijaya,Semarang,2019-03-05
C000953,Bima Pratama,Bandung,2024-06-01
C000954,Jihan Pratama,Yogyakarta,2019-01-11
C000955,Bima Nugraha,Semarang,2022-05-24
C000956,Hana Pratama,Surabaya,2024-02-19
C000957,Gilang Pratama,Yogyakarta,2024-04-27
C000958,Farah Putri,Surabaya,2025-11-16
C000959,Farah Saputra,Surabaya,2020-09-02
C000960,Indra Wijaya,Jakarta,2024-09-26
C000961,Alya Saputra,Bandung,2019-07-14
C000962,Alya Wijaya,Medan,2022-05-19
C000963,Indra Lestari,Yogyakarta,2024-06-26
C000964,Eka Pratama,Surabaya,2023-05-04
C000965,Dimas Pratama,Surabaya,2024-12-28
C000966,Hana Putri,Semarang,2024-08-25
C000967,Hana Permata,Medan,2022-12-17
C000968,Citra Lestari,Semarang,2020-02-16
C000969,Farah Nugraha,Jakarta,2019-05-14
C000970,Dimas Salsabila,Jakarta,2021-07-18
C000971,Dimas Wijaya,Jakarta,2020-03-20
C000972,Bima Saputra,Medan,2022-01-07
C000973,Farah Putri,Yogyakarta,2020-01-18
C000974,Jihan Permata,Medan,2022-07-15
C000975,Hana Permata,Yogyakarta,2020-10-22
C000976,Farah Salsabila,Semarang,2019-10-01
C000977,Jihan Salsabila,Surabaya,2023-01-24
C000978,Bima Putri,Medan,2020-11-29
C000979,Farah Wijaya,Semarang,2021-07-02
C000980,Eka Permata,Bandung,2024-12-05
C000981,Alya Permata,Bandung,2024-01-20
C000982,Bima Wijaya,Jakarta,2023-09-14
C000983,Eka Lestari,Yogyakarta,2022-09-01
C000984,Gilang Pratama,Medan,2020-06-05
C000985,Alya Saputra,Surabaya,2025-12-23
C000986,Bima Nugraha,Bandung,2019-09-28
C000987,Eka Salsabila,Surabaya,2021-11-29
C000988,Citra Permata,Semarang,2025-04-24
C000989,Bima Putri,Surabaya,2024-01-21
C000990,Indra Salsabila,Semarang,2022-08-29
C000991,Jihan Pratama,Jakarta,2025-02-19
C000992,Alya Saputra,Bandung,2025-04-01
C000993,Eka Lestari,Bandung,2023-01-02
C000994,Hana Salsabila,Semarang,2021-04-12
C000995,Alya Wijaya,Semarang,2019-03-15
C000996,Citra Nugraha,Bandung,2022-04-02
C000997,Farah Permata,Semarang,2020-04-12
C000998,Bima Permata,Medan,2025-08-10
C000999,Bima Saputra,Bandung,2025-10-22
C001000,Indra Putri,Semarang,2022-09-21
C000021,Gilang Wijaya,Jakarta,2025-04-07
